1,用膳时，她必是身陷在他的臂弯里，他总是仔细小心的为她布菜，嘱咐她多吃点，只差没一口口亲自喂她吃。,用膳时，她必是身陷在他的臂弯里，他总是仔细小心的为她布菜，嘱咐她多吃点，只差一口口亲自喂她吃。
1,是这美人儿对我一见倾心，二见钟情，使出浑身解数，只差没一哭二闹三上吊地要我带她回长安……”“李、仲、翔！,是这美人儿对我一见倾心，二见钟情，使出浑身解数，只差一哭二闹三上吊地要我带她回长安……”“李、仲、翔！
1,面对人群、媒体，培珊羞得只差没一头撞死，“你休想，我不会做你的情妇！,面对人群、媒体，培珊羞得只差一头撞死，“你休想，我不会做你的情妇！
1,我全身瘫软，只差没一屁股跌坐地上不愿起来。,我全身瘫软，只差一屁股跌坐地上不愿起来。
1,”南宫少擎只差没一把拎起老医生的衣领，狠狠的将他狂摇一顿，“我等了快三个小时，你一句话也没说，算什么医生！,”南宫少擎只差一把拎起老医生的衣领，狠狠的将他狂摇一顿，“我等了快三个小时，你一句话也没说，算什么医生！
1,枉费我一片真心真意――”他愈说愈凄惨，就只差没一把自怜的泪水。,枉费我一片真心真意――”他愈说愈凄惨，就只差一把自怜的泪水。
1,”孤辰气得只差没一拳挥过去。,”孤辰气得只差一拳挥过去。
1,“天天过得生不如死，而且还随时会有小妾情妇下毒来杀你，反正就是会横死、惨死、冤死，书中对这种女人多多的浪荡子描述，多半是妻离子散、家破人亡……天呀，好……可……怜……喔……”此时的纪嫣儿已进入了天人合一的假想情境，只差没一掬伤心泪。,“天天过得生不如死，而且还随时会有小妾情妇下毒来杀你，反正就是会横死、惨死、冤死，书中对这种女人多多的浪荡子描述，多半是妻离子散、家破人亡……天呀，好……可……怜……喔……”此时的纪嫣儿已进入了天人合一的假想情境，只差一掬伤心泪。
1,”王晋击掌大笑，满脸的络腮胡只差没一根根竖起来。,”王晋击掌大笑，满脸的络腮胡只差一根根竖起来。
1,左瞧右看看，都觉得很满意后，文静马上冲进客房，摇醒好梦正酣的靳言，只差没一脚把熟睡中的他踢下床去吻地板。,左瞧右看看，都觉得很满意后，文静马上冲进客房，摇醒好梦正酣的靳言，只差一脚把熟睡中的他踢下床去吻地板。
1,宋夫人听见他的答案，只差没一跤摔进花坛里。,宋夫人听见他的答案，只差一跤摔进花坛里。
1,”只差没上医院挂急诊。,”只差上医院挂急诊。
1,」黎蔷还是第一次看到芙苓的威胁成功，她以前一哭二闹，只差没上吊，却从没有成功过。,」黎蔷还是第一次看到芙苓的威胁成功，她以前一哭二闹，只差上吊，却从没有成功过。
1,”这件事单是公司同事们的闲余笑话，虽说她不变与人畅谈流言，但是这件事情实在闹得太大了，竟然还动用救护车，只差没上报而已。,”这件事单是公司同事们的闲余笑话，虽说她不变与人畅谈流言，但是这件事情实在闹得太大了，竟然还动用救护车，只差上报而已。
1,都是张至中那只老狐狸，嘴里直嚷着要送行，他看八成是要确定他有没有上飞机，他只好真的把行李托运到美国，而且连人还进了登机门，只差没上飞机。,都是张至中那只老狐狸，嘴里直嚷着要送行，他看八成是要确定他有没有上飞机，他只好真的把行李托运到美国，而且连人还进了登机门，只差上飞机。
1,终于扬波技胜一筹（情急外加狠心），一脚踹开校花，抢先一步钻进门缝，扣上铁锁，留下对门拳打脚踢的校花，咬牙忍疼，诅咒带哀求催促，只差没下跪。,终于扬波技胜一筹（情急外加狠心），一脚踹开校花，抢先一步钻进门缝，扣上铁锁，留下对门拳打脚踢的校花，咬牙忍疼，诅咒带哀求催促，只差下跪。
1,＂舒美江反过来央求起小何，只差没下跪。,＂舒美江反过来央求起小何，只差下跪。
1,”单行书只差没下跪了。,”单行书只差下跪了。
1,”那名守卫只差没下跪，她对他愈温柔，白狼的脸色就愈深沉。,”那名守卫只差下跪，她对他愈温柔，白狼的脸色就愈深沉。
1,”将儿子当填充娃娃似的搂在怀中，只差没丢在半空中玩了。,”将儿子当填充娃娃似的搂在怀中，只差丢在半空中玩了。
1,”她惊天动地的大叫，只差没两眼一翻的昏倒，因为从小到大，她就是最怕看见“血”这种液体。,”她惊天动地的大叫，只差两眼一翻的昏倒，因为从小到大，她就是最怕看见“血”这种液体。
1,※※※在丁氏企业集团的出面处理下，高氏传播岌岌可危的情势立即做了一百八十度的大逆转，因此，高氏传播上下莫不把丁允辰当成大恩公般膜拜，只差没为他盖一座庙堂，天天上香而已。,※※※在丁氏企业集团的出面处理下，高氏传播岌岌可危的情势立即做了一百八十度的大逆转，因此，高氏传播上下莫不把丁允辰当成大恩公般膜拜，只差为他盖一座庙堂，天天上香而已。
1,这么而是有点难听，但这是事实，柔柔懂得应用她那柔弱无助的外表来欺骗世人，骨子里可是道道地地的小人，只差没为非做歹而已。,这么而是有点难听，但这是事实，柔柔懂得应用她那柔弱无助的外表来欺骗世人，骨子里可是道道地地的小人，只差为非做歹而已。
1,”施夷光只差没举手发誓来让伍康涛相信她说的是实话。,”施夷光只差举手发誓来让伍康涛相信她说的是实话。
1,“我还真荣幸咧，大批人马列队欢迎我，只差没乐队演奏欢迎歌。,“我还真荣幸咧，大批人马列队欢迎我，只差乐队演奏欢迎歌。
1,同样的好事发生在我身上，我只差没买个耳塞二十四小时戴着。,同样的好事发生在我身上，我只差买个耳塞二十四小时戴着。
1,自小到大，这丫头的性子倒也温驯得紧，和哥哥们相亲相爱，所以宫家男人们对这个小美人儿简直疼宠入骨子里，只差没买张龙椅把她供起来。,自小到大，这丫头的性子倒也温驯得紧，和哥哥们相亲相爱，所以宫家男人们对这个小美人儿简直疼宠入骨子里，只差买张龙椅把她供起来。
1,」两个老小孩兴致勃勃地用充满希冀的眼看她，期待有高潮迭起的故事可以听，就只差没买零食助兴了。,」两个老小孩兴致勃勃地用充满希冀的眼看她，期待有高潮迭起的故事可以听，就只差买零食助兴了。
1,”他当然知道他们的举动在旁人眼中会有多亲密，分吃着彼此盘中的食物，只差没互喂了。,”他当然知道他们的举动在旁人眼中会有多亲密，分吃着彼此盘中的食物，只差互喂了。
1,不过目前的情况也好不到哪去，他们两兄弟水火不容，只差没互相陷害。,不过目前的情况也好不到哪去，他们两兄弟水火不容，只差互相陷害。
1,”话未说完，太苍已经一揖再揖，只差没五体投地！,”话未说完，太苍已经一揖再揖，只差五体投地！
1,“只差没五花大绑！,“只差五花大绑！
1,砚琳觉得自己中到大奖了，眼珠子只差没亮出“＄”的符号。,砚琳觉得自己中到大奖了，眼珠子只差亮出“＄”的符号。
1,你还不太习惯台湾的女性员工，我们可不像日本女人会对男人鞠躬哈腰，对上司恭敬礼貌得只差没亲吻脚趾头，这种事我们是不会做的，请你必须习惯我们这一点。,你还不太习惯台湾的女性员工，我们可不像日本女人会对男人鞠躬哈腰，对上司恭敬礼貌得只差亲吻脚趾头，这种事我们是不会做的，请你必须习惯我们这一点。
1,只差没人叫你放个东西进去。,只差人叫你放个东西进去。
1,”玉珊儿眼睛一亮，道：“陪我逛逛洛阳城……”雅竹小馆内的人果然不少，只差没人山人海。,”玉珊儿眼睛一亮，道：“陪我逛逛洛阳城……”雅竹小馆内的人果然不少，只差人山人海。
1,”他失声大叫，只差没从地板跳穿了天花板。,”他失声大叫，只差从地板跳穿了天花板。
1,那捣蛋成功的杜小月完全不顾自己是个姑娘家，正坐在树上笑得前俯后仰，只差没从树上掉下来。,那捣蛋成功的杜小月完全不顾自己是个姑娘家，正坐在树上笑得前俯后仰，只差从树上掉下来。
1,看到前一个标题他只是潇洒地笑笑，当他再看到下一个大标题时，只差没从椅子上跳起来，“我就知道那些如猎食兀鹰般的记者，会拿那一幕大作文章！,看到前一个标题他只是潇洒地笑笑，当他再看到下一个大标题时，只差从椅子上跳起来，“我就知道那些如猎食兀鹰般的记者，会拿那一幕大作文章！
1,他太太又哭又闹只差没从楼上跳下去，坚决不离婚，立即结束了长时期的分房生活，呼天抢地骂他这负心郎，联合两个孩子围攻他。,他太太又哭又闹只差从楼上跳下去，坚决不离婚，立即结束了长时期的分房生活，呼天抢地骂他这负心郎，联合两个孩子围攻他。
1,苏雁红只差没从眼睛喷出两簇火焰来，烧死眼前这桃花男。,苏雁红只差从眼睛喷出两簇火焰来，烧死眼前这桃花男。
1,”海棠的鄙弃只差没从鼻孔哼出来。,”海棠的鄙弃只差从鼻孔哼出来。
1,听说皇上本来一直很赏识他，曾经多次召他进宫谈话，这回得知了闻人独傲自甘堕落的消息，气得只差没从龙床上跌下来。,听说皇上本来一直很赏识他，曾经多次召他进宫谈话，这回得知了闻人独傲自甘堕落的消息，气得只差从龙床上跌下来。
1,”她说得煞有其事，只差没以几滴感伤的眼泪作辅助。,”她说得煞有其事，只差以几滴感伤的眼泪作辅助。
1,而方筝的大名只差没以大字报在美国上空用直升机绕一周展示。,而方筝的大名只差以大字报在美国上空用直升机绕一周展示。
1,大伙儿胼手胝足地打拚下来，青秣镇民们终于卸下怯怯不安的心防，开始对撒克尔和他的人感激得痛哭流涕，只差没以活菩萨的牌坊来供奉他。,大伙儿胼手胝足地打拚下来，青秣镇民们终于卸下怯怯不安的心防，开始对撒克尔和他的人感激得痛哭流涕，只差以活菩萨的牌坊来供奉他。
1,守静二话不说地收住奔腾的泪水，一个箭步跳离熊宝宝，满脸谄媚的表情宛如一百八十度大转变，只差没伸出舌头来舔他两口。,守静二话不说地收住奔腾的泪水，一个箭步跳离熊宝宝，满脸谄媚的表情宛如一百八十度大转变，只差伸出舌头来舔他两口。
1,所以于萍与我就只差没住在一起，要不然还真差那么一点就形影不离了！,所以于萍与我就只差住在一起，要不然还真差那么一点就形影不离了！
1,哼，人家桑小娴早读又跳级，只差没你那么厚脸皮罢了。,哼，人家桑小娴早读又跳级，只差你那么厚脸皮罢了。
1,才一天的时间，三杰皆已逃之夭夭，动作迅速且不拖泥带水，气得母亲大人牙痒痒，只差没使出苦肉计。,才一天的时间，三杰皆已逃之夭夭，动作迅速且不拖泥带水，气得母亲大人牙痒痒，只差使出苦肉计。
1,艾强回家跟母亲、老婆商量，艾强的母亲田月秀，虽然是个有文化的人，但本性是溺爱孩子的，尤其是对独生子艾强，只差没供起来，哪会愿意他到乡下去受苦？,艾强回家跟母亲、老婆商量，艾强的母亲田月秀，虽然是个有文化的人，但本性是溺爱孩子的，尤其是对独生子艾强，只差供起来，哪会愿意他到乡下去受苦？
1,戚拓遥放肆地笑着，只差没倒在地上打滚。,戚拓遥放肆地笑着，只差倒在地上打滚。
1,路晓瑶躁红着一张脸，不住地喘息，一场激烈的欢爱下来，她全身香汗淋漓，累的只差没倒头大睡，不过看她微的眼睛，是差不多要坠入梦乡了。,路晓瑶躁红着一张脸，不住地喘息，一场激烈的欢爱下来，她全身香汗淋漓，累的只差倒头大睡，不过看她微的眼睛，是差不多要坠入梦乡了。
1,”难得出这名傲气冲天的唐小子口中掉出一句赞言，并且听起来无比的心悦诚服，莫怪他惊得只差没倒弹三步远。,”难得出这名傲气冲天的唐小子口中掉出一句赞言，并且听起来无比的心悦诚服，莫怪他惊得只差倒弹三步远。
1,”他忙不迭拉着她躲开人群，早想走了，只差没借口。,”他忙不迭拉着她躲开人群，早想走了，只差借口。
1,他只差没做这么伤感情且令他难受的建议。,他只差做这么伤感情且令他难受的建议。
1,偏偏不论他怎么苦口婆心的劝说，嫱柳就是不听，只差没像八爪章鱼一样缠在他身上跟来。,偏偏不论他怎么苦口婆心的劝说，嫱柳就是不听，只差像八爪章鱼一样缠在他身上跟来。
1,“天，我连想都不敢想要结婚，看看我们周遭接连失败的婚姻，只差没全数离婚而已。,“天，我连想都不敢想要结婚，看看我们周遭接连失败的婚姻，只差全数离婚而已。
1,好极了，其是好极了，小说里的剧情只差没全番上演，通常这时男主角就会上了女主角，接着第二天男的为了负起责任就娶了女主角，这是什么荒谬的烂巧合？,好极了，其是好极了，小说里的剧情只差全番上演，通常这时男主角就会上了女主角，接着第二天男的为了负起责任就娶了女主角，这是什么荒谬的烂巧合？
1,向乙威倾尽生平所学最粗鲁、最狠绝的脏话，在心底咒遍了钟应伶，只差没内伤。,向乙威倾尽生平所学最粗鲁、最狠绝的脏话，在心底咒遍了钟应伶，只差内伤。
1,”她嚷道，一张俏脸几乎燃烧起来，只差没冒出烟来。,”她嚷道，一张俏脸几乎燃烧起来，只差冒出烟来。
1,”“再急也没有你大哥急，他现在只差没冒著被砍头的危险，从咸阳飞奔来找你。,”“再急也没有你大哥急，他现在只差冒著被砍头的危险，从咸阳飞奔来找你。
1,她偷瞄到欧阳达很不自然地、很专注地死盯着墙上的字画，并且很安分地充当起人形家具，只差没写“我并不存在”的牌子挂在身上而已。,她偷瞄到欧阳达很不自然地、很专注地死盯着墙上的字画，并且很安分地充当起人形家具，只差写“我并不存在”的牌子挂在身上而已。
1,背对着他比较不会有揍人的欲望，他的脸只差没写上“我欠揍”三个大字。,背对着他比较不会有揍人的欲望，他的脸只差写上“我欠揍”三个大字。
1,他救她不过是顺便、手痒、碰巧而已，却被她误认为他就是她今生的新郎，他入狱，她痴守，只差没写公文让澳门政府颁个贞节牌坊给她，无怪乎秃鹰会紧张成这个样子了。,他救她不过是顺便、手痒、碰巧而已，却被她误认为他就是她今生的新郎，他入狱，她痴守，只差写公文让澳门政府颁个贞节牌坊给她，无怪乎秃鹰会紧张成这个样子了。
1,维丝娜一进病房，立刻把当天的报纸一场，随他们去看去找，反正不管哪一版哪一刊，篇篇都是大幅报导他们英勇的事迹，及如何指引人员疏散和逃难，以至于身受重伤，只差没写命在旦夕。,维丝娜一进病房，立刻把当天的报纸一场，随他们去看去找，反正不管哪一版哪一刊，篇篇都是大幅报导他们英勇的事迹，及如何指引人员疏散和逃难，以至于身受重伤，只差写命在旦夕。
1,”什么不懂爱恨、天真单纯……小妮子的心里根本就住了只她所说的呆头鹅，只差没写在脸上而已。,”什么不懂爱恨、天真单纯……小妮子的心里根本就住了只她所说的呆头鹅，只差写在脸上而已。
1,”路晓昭注意到他刻意将报纸拉高，气得只差没冲上前去撕烂那张报纸。,”路晓昭注意到他刻意将报纸拉高，气得只差冲上前去撕烂那张报纸。
1,＂＂哥，＂一看到姚君翼，姚君曜兴奋得只差没冲上前抱住他，＂你别开我玩笑了，像楚楚这么优秀的女人，哪看得上我？,＂＂哥，＂一看到姚君翼，姚君曜兴奋得只差冲上前抱住他，＂你别开我玩笑了，像楚楚这么优秀的女人，哪看得上我？
1,」秋水又叫又跳地，只差没冲上前来踩死她，猛然想到手中的诗集还得靠她帮忙，暂时饶她一命，又想到江临波向来单纯到不可思议的程度，与她一般见识实在只有自寻晦气的分。,」秋水又叫又跳地，只差冲上前来踩死她，猛然想到手中的诗集还得靠她帮忙，暂时饶她一命，又想到江临波向来单纯到不可思议的程度，与她一般见识实在只有自寻晦气的分。
1,他贪婪的由头至脚打量她，只差没冲上去抱在怀里啃。,他贪婪的由头至脚打量她，只差冲上去抱在怀里啃。
1,圆格格紧握双拳，只差没冲下去掴小青两个耳光。,圆格格紧握双拳，只差冲下去掴小青两个耳光。
1,＂他已是愤怒难平，只差没冲进欧阳王府找呈祥理论。,＂他已是愤怒难平，只差冲进欧阳王府找呈祥理论。
1,”她只差没冷笑，但师父的话却令她猛然思索出不对劲的地方：“师父！,”她只差冷笑，但师父的话却令她猛然思索出不对劲的地方：“师父！
1,”云霏只差没凑到他鼻尖前去。,”云霏只差凑到他鼻尖前去。
1,贝儿想说的话和范佟一样，只差没出口。,贝儿想说的话和范佟一样，只差出口。
1,”江儿不悦的挑起眉，傲慢的眯起眼，只差没出手去戳他而已，“想成亲，你自己去成吧！,”江儿不悦的挑起眉，傲慢的眯起眼，只差出手去戳他而已，“想成亲，你自己去成吧！
1,只可惜陆少康先前在雅加达白衣门的庄园中，早就和四大战兽交过手，常时便对他们的“八荒九垓虎豹龙象掌”硬功有了一些心得，只差没出手打破他们的罩门而已。,只可惜陆少康先前在雅加达白衣门的庄园中，早就和四大战兽交过手，常时便对他们的“八荒九垓虎豹龙象掌”硬功有了一些心得，只差出手打破他们的罩门而已。
1,（柏老按：在《柏杨选集》上，曾感慨言之，二十年风水轮流转，八十年代，女多男少，大学堂毕业女学生，满街都是，天地乃翻了过来，成了女孩子追男孩子之局，只差没出钱买一个丈夫，幸哉。,（柏老按：在《柏杨选集》上，曾感慨言之，二十年风水轮流转，八十年代，女多男少，大学堂毕业女学生，满街都是，天地乃翻了过来，成了女孩子追男孩子之局，只差出钱买一个丈夫，幸哉。
1,每个人为了你食不下咽的，晚上也睡不着觉，就怕你发生意外――只差没到殡仪馆去认尸罢了！,每个人为了你食不下咽的，晚上也睡不着觉，就怕你发生意外――只差到殡仪馆去认尸罢了！
1,其实这里的每一道菜都很棒，服务又周到，只差没到饭来张口的地步，花这么多钱也许是值得的。,其实这里的每一道菜都很棒，服务又周到，只差到饭来张口的地步，花这么多钱也许是值得的。
1,他和方洁心早已出双入对，只差没办喜事了。,他和方洁心早已出双入对，只差办喜事了。
1,”连雅萱逃离雷骥的掌控范围，话中有话，只差没加一句“喔！,”连雅萱逃离雷骥的掌控范围，话中有话，只差加一句“喔！
1,”萧云坡一脸嫌恶地撇嘴，“上回进城，她们只差没动手剥我衣服，全没个姑娘家的规矩。,”萧云坡一脸嫌恶地撇嘴，“上回进城，她们只差动手剥我衣服，全没个姑娘家的规矩。
1,”开什么玩笑，只差没动手，那两名宫女根本用目光将她生吞活剥了。,”开什么玩笑，只差动手，那两名宫女根本用目光将她生吞活剥了。
1,”服务生只求找个台阶下，听见他的解释只差没千恩万谢地退场。,”服务生只求找个台阶下，听见他的解释只差千恩万谢地退场。
1,也许她早先心底还有那么一点点的爱慕之意，几年下来也早消耗殆尽，讨厌只变得更加讨厌，只差没厌恶而已。,也许她早先心底还有那么一点点的爱慕之意，几年下来也早消耗殆尽，讨厌只变得更加讨厌，只差厌恶而已。
1,”她只差没厚着脸皮说妻子照顾丈夫是天经地义的事。,”她只差厚着脸皮说妻子照顾丈夫是天经地义的事。
1,不早点告诉我，害我担心了一夜，只差没去报警。,不早点告诉我，害我担心了一夜，只差去报警。
1,”纱纱仰着小脸，非常疑惑地看着他，只差没去拭他的温度而已。,”纱纱仰着小脸，非常疑惑地看着他，只差去拭他的温度而已。
1,其他人的表情更绝，有人吓得半死，有人拚命忍住笑，脸色又青又白，而邱伦妮更是凄惨得只差没去撞墙死掉算了，雪儿还是忍不住大笑出来了。,其他人的表情更绝，有人吓得半死，有人拚命忍住笑，脸色又青又白，而邱伦妮更是凄惨得只差去撞墙死掉算了，雪儿还是忍不住大笑出来了。
1,她可完全不同，家中两位高堂身体硬朗，小妹、小弟个个活蹦乱跳、健康无比，一家和乐得只差没去选模范家庭。,她可完全不同，家中两位高堂身体硬朗，小妹、小弟个个活蹦乱跳、健康无比，一家和乐得只差去选模范家庭。
1,”梦巧整个人就挂在他身上，只差没双脚夹缠上去了，她兀自埋在他胸前咕哝。,”梦巧整个人就挂在他身上，只差双脚夹缠上去了，她兀自埋在他胸前咕哝。
1,“不要……求求你不要再说了……不要……”他几近哀求的瞅住她，只差没双膝下跪而已。,“不要……求求你不要再说了……不要……”他几近哀求的瞅住她，只差双膝下跪而已。
1,穿成这样，只差没发臭，怎么姑娘敢接近您？,穿成这样，只差发臭，怎么姑娘敢接近您？
1,”他只差没发誓。,”他只差发誓。
1,”东尼只差没发起誓来。,”东尼只差发起誓来。
1,”从这时起，一连三个月，这位年轻的妻子尝够了丈夫发挥聪明才智、绞尽脑汁设计出来的羞辱、欺侮和痛苦，只差没受肉体折磨了。,”从这时起，一连三个月，这位年轻的妻子尝够了丈夫发挥聪明才智、绞尽脑汁设计出来的羞辱、欺侮和痛苦，只差受肉体折磨了。
1,其实不用雷飞吩咐，她早把螓首紧紧埋进他的胸膛，双手抓得只差没变成八爪章鱼。,其实不用雷飞吩咐，她早把螓首紧紧埋进他的胸膛，双手抓得只差变成八爪章鱼。
1,海伦的脸色只差没变成绿色的。,海伦的脸色只差变成绿色的。
1,秋老爷咕咚跌倒在地上，只差没口吐白沫。,秋老爷咕咚跌倒在地上，只差口吐白沫。
1,”寻鼠受不了的两眼翻白，只差没口吐白沫。,”寻鼠受不了的两眼翻白，只差口吐白沫。
1,段飞本来很想调侃云中翎的窘状，问他怎么还不再借此难得的机会，好好的吟诗诵词一番，但在见到他那胆小表弟，吓得脸色苍白，只差没口吐白沫了，只好“仁慈”的作罢！,段飞本来很想调侃云中翎的窘状，问他怎么还不再借此难得的机会，好好的吟诗诵词一番，但在见到他那胆小表弟，吓得脸色苍白，只差口吐白沫了，只好“仁慈”的作罢！
1,铁孟秋愈看愈是得意，而铁老爷子就只差没口吐白沫，当场气绝身亡。,铁孟秋愈看愈是得意，而铁老爷子就只差口吐白沫，当场气绝身亡。
1,我死也瞑目了……他仍呆呆站在原地，只差没口水滴滴落下。,我死也瞑目了……他仍呆呆站在原地，只差口水滴滴落下。
1,”“九小姐，求求你，幻儿才刚醒来，还很虚弱……”玉娘试图阻止红衣美人对女儿的欺负，只差没叩头跪拜，但脸上随即又布满新泪。,”“九小姐，求求你，幻儿才刚醒来，还很虚弱……”玉娘试图阻止红衣美人对女儿的欺负，只差叩头跪拜，但脸上随即又布满新泪。
1,”悟轩对她的叫唤不以为意，只要是她能想到的马上就会叫出口，大哥、老大、先生、石桑……不一而足，只差没叫他爷爷、老伯而已。,”悟轩对她的叫唤不以为意，只要是她能想到的马上就会叫出口，大哥、老大、先生、石桑……不一而足，只差叫他爷爷、老伯而已。
1,传达室的值班老头不让他进去，因为他无法说出他要找的人的名字，“我努力向他形容你的特征，可适得其反，他把我当成一个马路无赖了，只差没叫保安抓我了。,传达室的值班老头不让他进去，因为他无法说出他要找的人的名字，“我努力向他形容你的特征，可适得其反，他把我当成一个马路无赖了，只差叫保安抓我了。
1,”这回除了天阔，其他的人可都真是听得目瞪口呆，只差没叫出：“你疯了！,”这回除了天阔，其他的人可都真是听得目瞪口呆，只差叫出：“你疯了！
1,自己三十年前便纵横武林难逢敌手，后来潜修了三十年，更是将“巨斧掌法”去芜存菁，增加了不少的变化，田冬功力能与自己相抗衡已经奇怪，居然每一招都似乎针对着自己苦心研究的招式而创，谢道亭心中充满了不解与疑惑，只差没叫嚷出口。,自己三十年前便纵横武林难逢敌手，后来潜修了三十年，更是将“巨斧掌法”去芜存菁，增加了不少的变化，田冬功力能与自己相抗衡已经奇怪，居然每一招都似乎针对着自己苦心研究的招式而创，谢道亭心中充满了不解与疑惑，只差叫嚷出口。
1,”伊恩努力安慰，希望她能放松心情，只差没叫诺玛弹琴唱歌一番。,”伊恩努力安慰，希望她能放松心情，只差叫诺玛弹琴唱歌一番。
1,”她的眼正朝天花板翻白眼，只差没吐出刚才三大盘的食物。,”她的眼正朝天花板翻白眼，只差吐出刚才三大盘的食物。
1,”程少筠只差没吐出来。,”程少筠只差吐出来。
1,我全身都起了鸡皮疙瘩，只差没吐出来。,我全身都起了鸡皮疙瘩，只差吐出来。
1,原颖人忙不迭的点头，身形几乎算是谄媚的半趴在沙发外沿，双手扶着扶手，只差没吐舌大叫两声：汪汪！,原颖人忙不迭的点头，身形几乎算是谄媚的半趴在沙发外沿，双手扶着扶手，只差吐舌大叫两声：汪汪！
1,瞧芯瞳那作戏的样子，葛雪贞气得瞠目结舌，只差没吐血。,瞧芯瞳那作戏的样子，葛雪贞气得瞠目结舌，只差吐血。
1,这回他再也忍不住大笑起来，笑得前俯后仰，气得任舒云只差没吐血。,这回他再也忍不住大笑起来，笑得前俯后仰，气得任舒云只差吐血。
1,她常用她“无德”的才学、伶俐的口舌逼得郑书亭怒气攻心，只差没吐血！,她常用她“无德”的才学、伶俐的口舌逼得郑书亭怒气攻心，只差吐血！
1,”锦绣骂完便来一阵猛咳，只差没吐血，增强戏剧效果。,”锦绣骂完便来一阵猛咳，只差吐血，增强戏剧效果。
1,”杜小月听得只差没吐血，扯着嗓门叫道：“骗人！,”杜小月听得只差吐血，扯着嗓门叫道：“骗人！
1,原本被她那一下冲势撞上，不内伤也难的龙应伟，此刻再被她狂捶猛打，只见他的脸色发自再泛青，只差没吐血，纵是如此他也不敢推开正在发飙的爱妻。,原本被她那一下冲势撞上，不内伤也难的龙应伟，此刻再被她狂捶猛打，只见他的脸色发自再泛青，只差吐血，纵是如此他也不敢推开正在发飙的爱妻。
1,”马川行只差没吐血，虽然他对基金会负责人的印象不深刻，但是对方梳理著姑婆髻、身罩深灰色道姑袍的外表仍然残存在他的记忆中。,”马川行只差吐血，虽然他对基金会负责人的印象不深刻，但是对方梳理著姑婆髻、身罩深灰色道姑袍的外表仍然残存在他的记忆中。
1,”他露出一脸的渴望，只差没向他下跪了。,”他露出一脸的渴望，只差向他下跪了。
1,为完成各自的招生“指标”，教师们暑假都不能很好地休息，自贴经费不说，为做通一个学生的思想工作，那些平日站在讲台上为人师表的教师只差没向初中毕业生和家长下跪了，此情此实在令人伤感。,为完成各自的招生“指标”，教师们暑假都不能很好地休息，自贴经费不说，为做通一个学生的思想工作，那些平日站在讲台上为人师表的教师只差向初中毕业生和家长下跪了，此情此实在令人伤感。
1,”“我可以明白地告诉你，我已经找到你所说的那个女人，现在只差没向她求婚而已。,”“我可以明白地告诉你，我已经找到你所说的那个女人，现在只差向她求婚而已。
1,”唐秋缠这一生从没像此刻这么没志气过，只差没吓出眼泪。,”唐秋缠这一生从没像此刻这么没志气过，只差吓出眼泪。
1,”上一次的大扫除，家甚且扫出一只大蜘蛛，她和维箴只差没吓得口吐白沫，多亏了萌萌拿起室内拖鞋，［口白］吱一声打扁它。,”上一次的大扫除，家甚且扫出一只大蜘蛛，她和维箴只差吓得口吐白沫，多亏了萌萌拿起室内拖鞋，［口白］吱一声打扁它。
1,”一些还来不及出手的男人只差没吓得屁滚尿流。,”一些还来不及出手的男人只差吓得屁滚尿流。
1,”“饶命啊……皇上饶命……”平日不可一世的蕙妃和瑾妃这时只差没吓得屁滚尿流，“原谅贱婢……全是贱婢的错……贱婢知罪……”子准没再看她们一眼，下令道：“押入大牢，带回长安行刑！,”“饶命啊……皇上饶命……”平日不可一世的蕙妃和瑾妃这时只差吓得屁滚尿流，“原谅贱婢……全是贱婢的错……贱婢知罪……”子准没再看她们一眼，下令道：“押入大牢，带回长安行刑！
1,她只差没吓得屁滚尿流，她一点经验都没有，她根本不知道如何“做”。,她只差吓得屁滚尿流，她一点经验都没有，她根本不知道如何“做”。
1,三个小盗发现自己竟然惹到了北方霸主石氏一门，只差没吓死，但也差不多了，只求死了干脆口不过，石无忌并没有传说中的嗜血！,三个小盗发现自己竟然惹到了北方霸主石氏一门，只差吓死，但也差不多了，只求死了干脆口不过，石无忌并没有传说中的嗜血！
1,”“难怪江湖中人，个个只要听到‘傲冰堡’三个字，便先白了脸，只差没吓破胆。,”“难怪江湖中人，个个只要听到‘傲冰堡’三个字，便先白了脸，只差吓破胆。
1,”库达惊愕地看她，表情错综复杂，要套进袍子的右臂僵在半空中，只差没听到突然折断的声音。,”库达惊愕地看她，表情错综复杂，要套进袍子的右臂僵在半空中，只差听到突然折断的声音。
1,”方恨少清一清嗓子，看他神情，仿佛唱戏唱到了台上殿前，下面有五六千人齐伸长了脖子，俟他语音一落就拍烂了手掌似的：“女人，不管多愚笨、多聪明、多丑陋、多漂亮的女人都一样，”方恨少头头是道地道，“她们常常无由地感动和自足，感叹上天为何赐她如此美貌、如此幸福、如此好运；但有时又莫名其妙地自怨自艾大家都听得津律有味，只差没吮手指头，都等他说下去。,”方恨少清一清嗓子，看他神情，仿佛唱戏唱到了台上殿前，下面有五六千人齐伸长了脖子，俟他语音一落就拍烂了手掌似的：“女人，不管多愚笨、多聪明、多丑陋、多漂亮的女人都一样，”方恨少头头是道地道，“她们常常无由地感动和自足，感叹上天为何赐她如此美貌、如此幸福、如此好运；但有时又莫名其妙地自怨自艾大家都听得津律有味，只差吮手指头，都等他说下去。
1,负责在门前洒水，才刚进门、还是小学员的小胖子用力地为她那彷如奥运选手般完美的动作鼓掌，他那双绿豆眼中闪闪发亮，只差没吹口哨喊“安可！,负责在门前洒水，才刚进门、还是小学员的小胖子用力地为她那彷如奥运选手般完美的动作鼓掌，他那双绿豆眼中闪闪发亮，只差吹口哨喊“安可！
1,她心情好得很，只差没吹口哨暗示他而已。,她心情好得很，只差吹口哨暗示他而已。
1,”泄气的燕吹笛，只差没吹胡子瞪眼。,”泄气的燕吹笛，只差吹胡子瞪眼。
1,”罗澄昀只差没吼出粗话：“你妹妹才十七岁，要人追干嘛？,”罗澄昀只差吼出粗话：“你妹妹才十七岁，要人追干嘛？
1,”他粗声粗气，只差没告诉她被羞辱的人是他，他才该哭呢！,”他粗声粗气，只差告诉她被羞辱的人是他，他才该哭呢！
1,叶似宣笑得像青蛙吃够了虫子般满足，只差没呱呱的叫出声。,叶似宣笑得像青蛙吃够了虫子般满足，只差呱呱的叫出声。
1,彭槐安只差没呻吟出来。,彭槐安只差呻吟出来。
1,或许是心中的愧疚使然，只要是她能做的，她全都自己来，包括帮他擦澡、换衣服和一些琐碎的细节，只差没和他一起住院了。,或许是心中的愧疚使然，只要是她能做的，她全都自己来，包括帮他擦澡、换衣服和一些琐碎的细节，只差和他一起住院了。
1,”岳小龙原是绝顶聪明之人，心念一动，不禁恍然大悟，干瘪老头把自己引来此处，那是有意以身法相传，只差没和自己明说而已！,”岳小龙原是绝顶聪明之人，心念一动，不禁恍然大悟，干瘪老头把自己引来此处，那是有意以身法相传，只差和自己明说而已！
1,他的鼻尖持续磨蹭著丝帛般的后颈，象徵著典型猫科动物的举措，喉头只差没咕哝出清爽满意的呼噜声。,他的鼻尖持续磨蹭著丝帛般的后颈，象徵著典型猫科动物的举措，喉头只差咕哝出清爽满意的呼噜声。
1,只差没咧嘴而笑。,只差咧嘴而笑。
1,小千又骂：“好好打倒也罢了，还胡胡乱给我通电，电得我匹匹差（发抖），只差没咽下这口气，你到底还有没有良心？,小千又骂：“好好打倒也罢了，还胡胡乱给我通电，电得我匹匹差（发抖），只差咽下这口气，你到底还有没有良心？
1,有时第二天、第三天去，那以前的饭还放在外面，我急得用力拍门，只差没哭出来。,有时第二天、第三天去，那以前的饭还放在外面，我急得用力拍门，只差哭出来。
1,”这算是最温和的形容词了，电话中松涛只差没哭出来。,”这算是最温和的形容词了，电话中松涛只差哭出来。
1,”十三人个个愁眉苦脸，只差没哭出来。,”十三人个个愁眉苦脸，只差哭出来。
1,那副苦脸，只差没哭出来而已。,那副苦脸，只差哭出来而已。
1,＂张大婶只差没哭出来而已。,＂张大婶只差哭出来而已。
1,泷泽鹰夫突然暴跳了起来，大吼道：“我来看你到底有什么急事必须先离开，让夏川美雪难堪得向她父亲告状，只差没哭出来！,泷泽鹰夫突然暴跳了起来，大吼道：“我来看你到底有什么急事必须先离开，让夏川美雪难堪得向她父亲告状，只差哭出来！
1,也顾不得两个小宝正在哭嚷，我迅速拉她一把，只差没哭出来：“那女子死了！,也顾不得两个小宝正在哭嚷，我迅速拉她一把，只差哭出来：“那女子死了！
1,”她说着说着泪珠儿潸潸落下，只差没哭得一把鼻涕一把眼泪。,”她说着说着泪珠儿潸潸落下，只差哭得一把鼻涕一把眼泪。
1,瞧她的表情只差没哭爹喊娘！,瞧她的表情只差哭爹喊娘！
1,道，不禁叹起气来：“他娘，银子真不是容易赚的，想要赚这些泼皮的银子，更就难了，我说来喜二哥，尽管他们有余人命攒在我哥们手上，不而汪来喜的臆测更要不妙，只是他不肯在此时明说，免得姜福根起浮躁……在有寿背负着双手，在巷子里不停来回走动，由于他身材粗横，脚步就重，踏在石板地上，略略有声，裴四明却比他老哥沉着得多，独自个依在墙壁上，仰头眺望着空中的半弦月，形色悠游，只差没哼上几句相思调啦。,道，不禁叹起气来：“他娘，银子真不是容易赚的，想要赚这些泼皮的银子，更就难了，我说来喜二哥，尽管他们有余人命攒在我哥们手上，不而汪来喜的臆测更要不妙，只是他不肯在此时明说，免得姜福根起浮躁……在有寿背负着双手，在巷子里不停来回走动，由于他身材粗横，脚步就重，踏在石板地上，略略有声，裴四明却比他老哥沉着得多，独自个依在墙壁上，仰头眺望着空中的半弦月，形色悠游，只差哼上几句相思调啦。
1,“狮魔”的反应，神速得惊人，似已察出指风有异，电闪塌身，饶是如此，指风探头顶而过，连发带皮，被划了一道血槽，痛得他赤牙裂嘴，只差没哼出声。,“狮魔”的反应，神速得惊人，似已察出指风有异，电闪塌身，饶是如此，指风探头顶而过，连发带皮，被划了一道血槽，痛得他赤牙裂嘴，只差哼出声。
1,赫列斯塔科夫高兴得只差没喊“乌啦”。,赫列斯塔科夫高兴得只差喊“乌啦”。
1,这时霄太师两眼瞠视，只差没喊出“吓到了吧！,这时霄太师两眼瞠视，只差喊出“吓到了吧！
1,”她只差没喊出“接客”两字。,”她只差喊出“接客”两字。
1,知道跟她争辩也是枉然，岁寒不置可否的把嫒怜带回来，起先是受到竹瀚及云老爷的大力欢迎，但是几夭之后，当微波炉爆炸、洗衣机报销、冰箱中找不到能吃的食物、衣柜中找不到能穿的衣服时，这一老一少才惊觉大难临头，只差没喊救命了。,知道跟她争辩也是枉然，岁寒不置可否的把嫒怜带回来，起先是受到竹瀚及云老爷的大力欢迎，但是几夭之后，当微波炉爆炸、洗衣机报销、冰箱中找不到能吃的食物、衣柜中找不到能穿的衣服时，这一老一少才惊觉大难临头，只差喊救命了。
1,总不能老做日本人政府明令开放观光的新闻传来时，我正安安静静的在给《皇冠》写一篇叫做《小路》的文章，一打开报纸，发现这条大新闻，只差没喜得昏了过去，那一个星期里我给父母亲涂去了近五封邮简，语无伦次。,总不能老做日本人政府明令开放观光的新闻传来时，我正安安静静的在给《皇冠》写一篇叫做《小路》的文章，一打开报纸，发现这条大新闻，只差喜得昏了过去，那一个星期里我给父母亲涂去了近五封邮简，语无伦次。
1,眼光看向丁皓身后那个丰满女人，心中一肚子火，只差没喷出火将那个女人烧成灰炭。,眼光看向丁皓身后那个丰满女人，心中一肚子火，只差喷出火将那个女人烧成灰炭。
1,”耶律靖臣只差没喷火。,”耶律靖臣只差喷火。
1,”他只差没嘟起嘴来抗议。,”他只差嘟起嘴来抗议。
1,”他狐疑地瞅着她，只差没嘲笑出声。,”他狐疑地瞅着她，只差嘲笑出声。
1,梦雪整个人跌在他的身上，胸贴胸，颊贴颊，只差没嘴对嘴。,梦雪整个人跌在他的身上，胸贴胸，颊贴颊，只差嘴对嘴。
1,梦雪整个人跌在他的身上，胸贴胸，颊贴颊，只差没嘴对嘴。,梦雪整个人跌在他的身上，胸贴胸，颊贴颊，只差嘴对嘴。
1,”邢漠只差没噎死他。,”邢漠只差噎死他。
1,”电话那头只差没嚎陶大哭，电话这头却一脸兴奋。,”电话那头只差嚎陶大哭，电话这头却一脸兴奋。
1,幸亏这时，文革押着菜车回来，危急时刻，也电召自己的亲朋好友，这伙人骑着摩托车呼啸而来，穿着刚过膝盖的短装喇叭裤，发型新潮，又经过色素护理，是蔚蓝和草绿，随便一站都是甫士（讲究品位的姿势），只差没嚼口香糖，否则一定让人疑是崩克。,幸亏这时，文革押着菜车回来，危急时刻，也电召自己的亲朋好友，这伙人骑着摩托车呼啸而来，穿着刚过膝盖的短装喇叭裤，发型新潮，又经过色素护理，是蔚蓝和草绿，随便一站都是甫士（讲究品位的姿势），只差嚼口香糖，否则一定让人疑是崩克。
1,结果，黄天林那个老贼头天天派人到他的小屋门口站岗，鲜花、素果、美女照三餐送上门巴结，只差没在他出门的途中沿路铺上红地毯。,结果，黄天林那个老贼头天天派人到他的小屋门口站岗，鲜花、素果、美女照三餐送上门巴结，只差在他出门的途中沿路铺上红地毯。
1,不过，她未免把康硕讲得太好了，只差没在他头上装个日光灯环充当光圈，当起天神来。,不过，她未免把康硕讲得太好了，只差在他头上装个日光灯环充当光圈，当起天神来。
1,当他知道没留下大美人的资料后，整个人活像座活火山，只差没在他旁边立个‘生人勿近’的牌子。,当他知道没留下大美人的资料后，整个人活像座活火山，只差在他旁边立个‘生人勿近’的牌子。
1,※※※住进云家一个礼拜，嫒怜是如鱼得水，她始终赖在岁寒身边，只差没在他睡觉的时候，抱着棉被去跟他挤。,※※※住进云家一个礼拜，嫒怜是如鱼得水，她始终赖在岁寒身边，只差在他睡觉的时候，抱着棉被去跟他挤。
1,只差没在他身上刺着『白水晶所有，胆敢勾引者杀光全家』这些大字。,只差在他身上刺着『白水晶所有，胆敢勾引者杀光全家』这些大字。
1,”天哪，她只差没在嘴上挂着“铜臭味闻起来也是很香的”这句话而已了。,”天哪，她只差在嘴上挂着“铜臭味闻起来也是很香的”这句话而已了。
1,突然，李鸿义弯下身贴近白非寒，然后认真的看了看他之后，开始了一阵震天长笑，而且还大有欲罢不能的趋势，只见他抱着肚子，笑得只差没在地上打滚。,突然，李鸿义弯下身贴近白非寒，然后认真的看了看他之后，开始了一阵震天长笑，而且还大有欲罢不能的趋势，只见他抱着肚子，笑得只差在地上打滚。
1,她想到两天前他和承武起冲突，当时两人只差没在她房里大打出手。,她想到两天前他和承武起冲突，当时两人只差在她房里大打出手。
1,☆☆☆甫一入座，青梅就发现有十几双眼睛以参观动物园的眼神盯着她，只差没在她胸前挂个‘灵长目猿猴科’的牌子。,☆☆☆甫一入座，青梅就发现有十几双眼睛以参观动物园的眼神盯着她，只差在她胸前挂个‘灵长目猿猴科’的牌子。
1,去见古杰的那天，古月诚只差没在她身上绑上蝴蝶结。,去见古杰的那天，古月诚只差在她身上绑上蝴蝶结。
1,”他仔细的打量昀樵，欣赏的颔首，她和雷站在一起很相配，而且，光是她能让雷护得这么紧，只差没在她身上贴上闲人勿近的招牌的能耐，他就非常认同昀樵。,”他仔细的打量昀樵，欣赏的颔首，她和雷站在一起很相配，而且，光是她能让雷护得这么紧，只差在她身上贴上闲人勿近的招牌的能耐，他就非常认同昀樵。
1,所以喽，现在每逢她外出，森高介吾必然对她寸步不离，只差没在她身上配个遥控器而已，如果有那么一天，她相信自己也不会感到太惊讶……一阵急匆匆但又力图轻巧的脚步声从和室外传来，拉门霍地被拉开来，一张清秀的瓜子脸探了进来，看到小主人，她蓦地掩口轻呼一声。,所以喽，现在每逢她外出，森高介吾必然对她寸步不离，只差在她身上配个遥控器而已，如果有那么一天，她相信自己也不会感到太惊讶……一阵急匆匆但又力图轻巧的脚步声从和室外传来，拉门霍地被拉开来，一张清秀的瓜子脸探了进来，看到小主人，她蓦地掩口轻呼一声。
1,＂＂你竟然跟我提这个，＂夏子康忍不住发难，＂你帮我找了四个秘书，前三个是她们受不了跑的，第四个……她是个花痴，原谅我的激烈形容，不过她真的是花痴，成天不办公，打扮得花枝招展的在我面前晃来晃去，她只差没在我面前把衣服脱光，挂在我身上。,＂＂你竟然跟我提这个，＂夏子康忍不住发难，＂你帮我找了四个秘书，前三个是她们受不了跑的，第四个……她是个花痴，原谅我的激烈形容，不过她真的是花痴，成天不办公，打扮得花枝招展的在我面前晃来晃去，她只差在我面前把衣服脱光，挂在我身上。
1,尽忠职守了十多年的门只好功成身退地“寿终正寝”……从此之后，他就再也不锁门了；而且，只差没在房门外挂上“欢迎随时观看”的招牌罢了！,尽忠职守了十多年的门只好功成身退地“寿终正寝”……从此之后，他就再也不锁门了；而且，只差在房门外挂上“欢迎随时观看”的招牌罢了！
1,”“差不多，只差没在胸前摆个告示牌。,”“差不多，只差在胸前摆个告示牌。
1,当她扮成君非凡与人在酒楼花坊谈生意时，那儿的歌妓、舞娘，即使是有出卖肉体稍稍露出脚踝就已经很不像话了，怎么也不敢跟这两个西夏女人的放浪比，她们只差没在脸上写着“妓女”两个字而已。,当她扮成君非凡与人在酒楼花坊谈生意时，那儿的歌妓、舞娘，即使是有出卖肉体稍稍露出脚踝就已经很不像话了，怎么也不敢跟这两个西夏女人的放浪比，她们只差在脸上写着“妓女”两个字而已。
1,罗芸笑了，笑得很温柔、很灿烂，因为她发现自己的确像他的生日礼物，套句老话──只差没在身上绑个蝴蝶结而已。,罗芸笑了，笑得很温柔、很灿烂，因为她发现自己的确像他的生日礼物，套句老话──只差在身上绑个蝴蝶结而已。
1,唐鹰还稍稍有点自尊的只是微微点头，方自在则是只差没在身后装个尾巴摇尾乞怜了。,唐鹰还稍稍有点自尊的只是微微点头，方自在则是只差在身后装个尾巴摇尾乞怜了。
1,“他们……”“只差没在这里动手。,“他们……”“只差在这里动手。
1,只差没在那里守夜而已，你哟！,只差在那里守夜而已，你哟！
1,只差没在门上挂上「请勿打扰」的牌子。,只差在门上挂上「请勿打扰」的牌子。
1,范淘淘正死命地贴近他，只差没坐上他的大腿了。,范淘淘正死命地贴近他，只差坐上他的大腿了。
1,于是整个晚上下来，她使尽娇、嗔、媚、柔的功夫，有时大胆的摸摸莫东署的喉结，有时在他胸膛来回摩搓，更不停的在他耳边喁喁私语，就只差没坐上莫东署的大腿。,于是整个晚上下来，她使尽娇、嗔、媚、柔的功夫，有时大胆的摸摸莫东署的喉结，有时在他胸膛来回摩搓，更不停的在他耳边喁喁私语，就只差坐上莫东署的大腿。
1,直到她亲娘出现，老头子才转移目标，成天魂牵梦系，无论使出何种手段也要娶回帮里；有了第二个老婆他还不满足，有一天见到副帮主那千娇百媚的妹妹，她随便向老头子勾勾手指头，老头子便吐著舌头又冲过去，嘴角只差没垂挂下两道透明的液体。,直到她亲娘出现，老头子才转移目标，成天魂牵梦系，无论使出何种手段也要娶回帮里；有了第二个老婆他还不满足，有一天见到副帮主那千娇百媚的妹妹，她随便向老头子勾勾手指头，老头子便吐著舌头又冲过去，嘴角只差垂挂下两道透明的液体。
1,水仙则追了几步，终究还是停了下来，带着期盼希冀眼神，不停的往前边一处月门晃着瞧着，足尖垫着老高，只差没垫在花丛上。,水仙则追了几步，终究还是停了下来，带着期盼希冀眼神，不停的往前边一处月门晃着瞧着，足尖垫着老高，只差垫在花丛上。
1,”这话一出口，只见丹霜头低得只差没埋进衣裙之中，而风引雷是一脸的恶心，在大厅的几个丫鬟还不住的掩嘴轻笑。,”这话一出口，只见丹霜头低得只差埋进衣裙之中，而风引雷是一脸的恶心，在大厅的几个丫鬟还不住的掩嘴轻笑。
1,“所以这件案子，还望你……”知县朝他眨眨眼，暧昧的神情溢于言表，令人一看就知，只差没堂而皇之的说出来而已。,“所以这件案子，还望你……”知县朝他眨眨眼，暧昧的神情溢于言表，令人一看就知，只差堂而皇之的说出来而已。
1,“我没那闲工夫玩，是你宝贝得要命，两个小鬼只差没塑金粉，他们的自我防身训练是非常要不得的。,“我没那闲工夫玩，是你宝贝得要命，两个小鬼只差塑金粉，他们的自我防身训练是非常要不得的。
1,可是，希代的编辑姊姊不让小渝如愿，一听说可能没有“结局”，温柔的声音马上变成悲痛欲绝，只差没声嘶力竭了。,可是，希代的编辑姊姊不让小渝如愿，一听说可能没有“结局”，温柔的声音马上变成悲痛欲绝，只差声嘶力竭了。
1,”蓝龙莲的寝室在秀丽左边，影月的寝室在秀丽的右边，或许是基于这个缘故，所以这三人经常凑在一起，受到龙莲的连累，连秀丽跟影月也常常挨舍监训斥，只差没大吼快给我滚的被赶出宿舍。,”蓝龙莲的寝室在秀丽左边，影月的寝室在秀丽的右边，或许是基于这个缘故，所以这三人经常凑在一起，受到龙莲的连累，连秀丽跟影月也常常挨舍监训斥，只差大吼快给我滚的被赶出宿舍。
1,”赫连锤一经提醒刚才与“醉花娘子”苏玉琪的那段旖旎时光，立刻心乱如麻，只差没大哭出声。,”赫连锤一经提醒刚才与“醉花娘子”苏玉琪的那段旖旎时光，立刻心乱如麻，只差大哭出声。
1,”李志常高兴地亲亲她的粉颊，只差没大喊出声。,”李志常高兴地亲亲她的粉颊，只差大喊出声。
1,”女儿平时已经被妻子折腾够了，现在好不容易才遇到一个适合的对象，母亲和未来婆婆竟然不和，只差没大打出手。,”女儿平时已经被妻子折腾够了，现在好不容易才遇到一个适合的对象，母亲和未来婆婆竟然不和，只差大打出手。
1,“我和他是越吵越凶，只差没大打出手而已。,“我和他是越吵越凶，只差大打出手而已。
1,”目睹罗敷任性的幼稚举止，李富凯压抑多时的脾气已经到了一触即发的危险边缘，他只差没大拍桌子，当众掴她一巴掌。,”目睹罗敷任性的幼稚举止，李富凯压抑多时的脾气已经到了一触即发的危险边缘，他只差大拍桌子，当众掴她一巴掌。
1,”每天把她当太上皇伺候，只差没天天向她朝拜，到底谁才可怜？,”每天把她当太上皇伺候，只差天天向她朝拜，到底谁才可怜？
1,只差没天雷勾动地火，一发不可收拾。,只差天雷勾动地火，一发不可收拾。
1,”她二姊手上拿着一瓶蜜糖，在杨奕之的身上游移着，似乎在考虑倒在哪里；而蚂蚁被蜜糖的味道吸引，成群结队的在杨奕之的身上爬来爬去，吓得他冒出一身冷汗，只差没失禁罢了。,”她二姊手上拿着一瓶蜜糖，在杨奕之的身上游移着，似乎在考虑倒在哪里；而蚂蚁被蜜糖的味道吸引，成群结队的在杨奕之的身上爬来爬去，吓得他冒出一身冷汗，只差失禁罢了。
1,”泰不华涨红了脸，气得只差没头顶冒烟了。,”泰不华涨红了脸，气得只差头顶冒烟了。
1,虽然做足了心理建设，冷漠进门时，她还是吓了一跳，只差没夺门而出。,虽然做足了心理建设，冷漠进门时，她还是吓了一跳，只差夺门而出。
1,孟如意当然当场噼哩啪啦的开骂了，气得只差没奉送拳脚罢了。,孟如意当然当场噼哩啪啦的开骂了，气得只差奉送拳脚罢了。
1,这样一进一退地走了几步，她已经被逼到墙角，只差没学壁虎，攀岩走壁地逃命去也。,这样一进一退地走了几步，她已经被逼到墙角，只差学壁虎，攀岩走壁地逃命去也。
1,”阿生眨眨灵动的大眼睛，他听得出若月话中的关心，这关心让他开心得咧开了嘴，只差没学小狗用尾巴拍打地面而已。,”阿生眨眨灵动的大眼睛，他听得出若月话中的关心，这关心让他开心得咧开了嘴，只差学小狗用尾巴拍打地面而已。
1,”她张牙舞爪的，只差没学小狗露出牙齿狺叫。,”她张牙舞爪的，只差学小狗露出牙齿狺叫。
1,嫔儿忍不住伸伸懒腰，然后更加偎进他那充满安全感的男性怀抱里，只差没学猫咪‘喵喵’叫而已。,嫔儿忍不住伸伸懒腰，然后更加偎进他那充满安全感的男性怀抱里，只差学猫咪‘喵喵’叫而已。
1,”她反应激烈得像是被踩到尾巴的小动物，只差没对他龇牙咧嘴。,”她反应激烈得像是被踩到尾巴的小动物，只差对他龇牙咧嘴。
1,水容容感激地只差没对她三跪九叩。,水容容感激地只差对她三跪九叩。
1,＂耿少亚转过身只差没对她大吼。,＂耿少亚转过身只差对她大吼。
1,”想到这儿，罗客雪一张俊脸臭了又臭，只差没对她横眉直竖，恶言相向。,”想到这儿，罗客雪一张俊脸臭了又臭，只差对她横眉直竖，恶言相向。
1,所有人都开始对她露出崇拜的神情，只差没对她跪拜。,所有人都开始对她露出崇拜的神情，只差对她跪拜。
1,她呀，可真是对我大哥订下‘长程计画’――不手到擒来，登上太子妃宝座绝不甘心，平常她可是高高在上，一副不屑的样子，可是一见我大哥呀……全身的骨头全溶了、化了，嗓音又嗲又媚，柔媚无比，只差没对我老哥摇尾巴……我老哥才不喜欢这种胸大无脑、毫无格调的女人……婉拒甚至直接拒绝她好多次了，可是呀……贝洛妮就是越挫越勇、屡败屡战。,她呀，可真是对我大哥订下‘长程计画’――不手到擒来，登上太子妃宝座绝不甘心，平常她可是高高在上，一副不屑的样子，可是一见我大哥呀……全身的骨头全溶了、化了，嗓音又嗲又媚，柔媚无比，只差对我老哥摇尾巴……我老哥才不喜欢这种胸大无脑、毫无格调的女人……婉拒甚至直接拒绝她好多次了，可是呀……贝洛妮就是越挫越勇、屡败屡战。
1,”史野嗤鼻笑了笑，“事情就是这样，说来也许你不相信，那家伙只差没对我跪下磕头了，他认为我救了他一命。,”史野嗤鼻笑了笑，“事情就是这样，说来也许你不相信，那家伙只差对我跪下磕头了，他认为我救了他一命。
1,原是想到外场呼吸新鲜的空气，哪知外场跟包厢里没啥差别，他不动声色的打量四周，到这儿的男人全变成了一个样，只差没对月号叫。,原是想到外场呼吸新鲜的空气，哪知外场跟包厢里没啥差别，他不动声色的打量四周，到这儿的男人全变成了一个样，只差对月号叫。
1,那一天，当日光和月影喂了玉面书生好几粒不知名的药丸之后，就随随便便将他丢在客栈附近，罗语纤一心想破坏夏侯昊天的计划，所以当夜就偷跑出去将玉面书生掳到了一间破庙，先是让他服下解药，解除那种会让人昏沈好几天的迷药，再交代玉面书生去找其他的门派，要他们趁早打道回府，不要做无谓幸运捡回一命的玉面书生一把鼻涕一把眼泪，只差没对罗语纤磕头谢恩，也答应了要将话传到，既然如此，为何现在还有这么多人上巫山呢？,那一天，当日光和月影喂了玉面书生好几粒不知名的药丸之后，就随随便便将他丢在客栈附近，罗语纤一心想破坏夏侯昊天的计划，所以当夜就偷跑出去将玉面书生掳到了一间破庙，先是让他服下解药，解除那种会让人昏沈好几天的迷药，再交代玉面书生去找其他的门派，要他们趁早打道回府，不要做无谓幸运捡回一命的玉面书生一把鼻涕一把眼泪，只差对罗语纤磕头谢恩，也答应了要将话传到，既然如此，为何现在还有这么多人上巫山呢？
1,”全真眼光凶恶，只差没对莫东署抱以老拳。,”全真眼光凶恶，只差对莫东署抱以老拳。
1,别说他哭笑不得了，就连经济学讲师都只差没将“妨碍炉堂秩序”的罪名往他身上扣。,别说他哭笑不得了，就连经济学讲师都只差将“妨碍炉堂秩序”的罪名往他身上扣。
1,当初他在替他的小弟考前抓题时，气得只差没将他去出书房，也许对女孩子比较不同吧！,当初他在替他的小弟考前抓题时，气得只差将他去出书房，也许对女孩子比较不同吧！
1,下午秦秋雨弹古筝时，就不时被朱炳金那只大色猪藉故吃豆腐，当时要不是有石无忌在一旁坐镇，那朱炳金恐怕早没命了；石无介只差没将他拆成碎片。,下午秦秋雨弹古筝时，就不时被朱炳金那只大色猪藉故吃豆腐，当时要不是有石无忌在一旁坐镇，那朱炳金恐怕早没命了；石无介只差将他拆成碎片。
1,冰儿气那些打扮得花枝招展、香气袋人的窑姊儿们，没一个把她放在眼里，一窝蜂拥上前大展媚功，死缠活缠着她俊逸老实的浩哥哥，只差没将他生吞活剥，活脱脱撕下一层皮连逃都逃不回来了。,冰儿气那些打扮得花枝招展、香气袋人的窑姊儿们，没一个把她放在眼里，一窝蜂拥上前大展媚功，死缠活缠着她俊逸老实的浩哥哥，只差将他生吞活剥，活脱脱撕下一层皮连逃都逃不回来了。
1,多年下来，老教授一家子只差没将台湾翻遍了，就是查不到那女人的下落。,多年下来，老教授一家子只差将台湾翻遍了，就是查不到那女人的下落。
1,”莫群绍闻言瞪眼，只差没将咒骂声脱口而出。,”莫群绍闻言瞪眼，只差将咒骂声脱口而出。
1,”杜笑天道：“只差没将地面倒转。,”杜笑天道：“只差将地面倒转。
1,”放月低声吐出气息，单手托住她后头，以齐放月式的完全占有姿态瞬闻掠夺了她的唇瓣，紧搂得只差没将她嵌入自己的怀中。,”放月低声吐出气息，单手托住她后头，以齐放月式的完全占有姿态瞬闻掠夺了她的唇瓣，紧搂得只差将她嵌入自己的怀中。
1,袭人毫不犹豫的跟上前，对于敏儿三番两次救了钱雅蓉的命这事儿感激不己，只差没将她当神一样拜。,袭人毫不犹豫的跟上前，对于敏儿三番两次救了钱雅蓉的命这事儿感激不己，只差将她当神一样拜。
1,袭人毫不犹豫的跟上前，对于敏儿三番两次救了钱雅蓉的命这事儿感激不己，只差没将她当神一样拜。,袭人毫不犹豫的跟上前，对于敏儿三番两次救了钱雅蓉的命这事儿感激不己，只差将她当神一样拜。
1,子准只差没将她绑在床上。,子准只差将她绑在床上。
1,她当然知道婉筠为什么会有这种反应，以前已经有很多人守着她，现在她有了身孕之后，又有更多的人管着她，这些下人还可以出声，告诉她这个不能做，那个不能做，对于她的保护，只差没将她绑在床上罢了。,她当然知道婉筠为什么会有这种反应，以前已经有很多人守着她，现在她有了身孕之后，又有更多的人管着她，这些下人还可以出声，告诉她这个不能做，那个不能做，对于她的保护，只差将她绑在床上罢了。
1,我刚冲出校长室，河马主任的地球仪出现在我面前，和我撞了个满怀，只差没将它撞破。,我刚冲出校长室，河马主任的地球仪出现在我面前，和我撞了个满怀，只差将它撞破。
1,而他的怒火，只差没将整个山寨的屋顶给掀了起来。,而他的怒火，只差将整个山寨的屋顶给掀了起来。
1,”路晓瑶气得只差没将整个茶壶扔向他。,”路晓瑶气得只差将整个茶壶扔向他。
1,石翊翎一听，只差没将肚子里的东西全吐出来。,石翊翎一听，只差将肚子里的东西全吐出来。
1,她愈想心愈乐．就只差没将计划公诸于世，当场气死温老爸。,她愈想心愈乐．就只差将计划公诸于世，当场气死温老爸。
1,”张子扬的话声不觉提高了八度，只差没尖叫了。,”张子扬的话声不觉提高了八度，只差尖叫了。
1,柔柔只差没尖叫出声。,柔柔只差尖叫出声。
1,当众人见他回到岗位时莫不欣喜万分，尤其是一些护士小姐更是兴高采烈，只差没尖叫出来。,当众人见他回到岗位时莫不欣喜万分，尤其是一些护士小姐更是兴高采烈，只差尖叫出来。
1,”她喊道，用双手抵住他的胸膛，只差没尖声大喊救命。,”她喊道，用双手抵住他的胸膛，只差尖声大喊救命。
1,这帮野人居然惧怕得只差没尿裤子！,这帮野人居然惧怕得只差尿裤子！
1,”赵世杰吓得全身发抖，只差没屁滚尿流。,”赵世杰吓得全身发抖，只差屁滚尿流。
1,”吓破胆的毛贼只差没屁滚尿流，“是杨庸……”杨庸！,”吓破胆的毛贼只差屁滚尿流，“是杨庸……”杨庸！
1,”夏儿哀嚎着，她只差没屁股着地。,”夏儿哀嚎着，她只差屁股着地。
1,丁皓给她一个深深的长吻，将她搂紧得只差没嵌入自己怀中、身体中。,丁皓给她一个深深的长吻，将她搂紧得只差嵌入自己怀中、身体中。
1,唇舌找回了他们久违的热情，密密相贴的身躯只差没嵌合在一起，明熙公主勉强堵绝住的情潮终于决堤，一波波泛滥至全身。,唇舌找回了他们久违的热情，密密相贴的身躯只差嵌合在一起，明熙公主勉强堵绝住的情潮终于决堤，一波波泛滥至全身。
1,她衣服上的襟扣本来就扣得乱七八糟了，在方才激烈的动作下，更是门户大开，只差没帖上“欢迎参观”的标示了！,她衣服上的襟扣本来就扣得乱七八糟了，在方才激烈的动作下，更是门户大开，只差帖上“欢迎参观”的标示了！
1,很乾脆地对气往后昏去，恰巧压在中年妇女身上，竟将那妇人给压了回魂──不过，三位仙魔没空管她们，迳自又开始吵了起来，互相指责得只差没干场架，不过他们的外表早已够狼狈了！,很乾脆地对气往后昏去，恰巧压在中年妇女身上，竟将那妇人给压了回魂──不过，三位仙魔没空管她们，迳自又开始吵了起来，互相指责得只差干场架，不过他们的外表早已够狼狈了！
1,说我好……歹是生你的……娘──一定请……得……动……你……”不行，说不下去了，耿酷哥笑得实在太冷、太邪门，难怪楼大姑娘全身寒毛会全数立正兼敬礼，只差没开口唱国歌。,说我好……歹是生你的……娘──一定请……得……动……你……”不行，说不下去了，耿酷哥笑得实在太冷、太邪门，难怪楼大姑娘全身寒毛会全数立正兼敬礼，只差开口唱国歌。
1,”玄如尘几乎已经不知道该怎么办才好，他这个一向冷血无情的杀手，竟然会让一个女孩哭得心烦意乱，只差没开口求她。,”玄如尘几乎已经不知道该怎么办才好，他这个一向冷血无情的杀手，竟然会让一个女孩哭得心烦意乱，只差开口求她。
1,＂他只差没开口邀我与他共享鱼水之欢。,＂他只差开口邀我与他共享鱼水之欢。
1,”艾咪打量着芮秋，只差没开口问她几岁。,”艾咪打量着芮秋，只差开口问她几岁。
1,想他的――战青望着他近在眼前的俊脸，火烫的红云立即从双颊迅速蔓延至耳际颈项，只差没开始冒烟了。,想他的――战青望着他近在眼前的俊脸，火烫的红云立即从双颊迅速蔓延至耳际颈项，只差开始冒烟了。
1,活象个吉普赛人似的，总说些预言似的怪语，只差没弄个水晶球给我看！,活象个吉普赛人似的，总说些预言似的怪语，只差弄个水晶球给我看！
1,”他就只差没张牙舞爪的吓跑她了。,”他就只差张牙舞爪的吓跑她了。
1,青云只差没当众做鬼脸。,青云只差当众做鬼脸。
1,当初所有笼络攀亲手段一切都取消，并且那笔资金让方笙改而投入股市，在一波涨势开红盘中，半个月内滚回三倍，恰好补去当初投资失败的亏损，还尚有余利，乐得锺重阳只差没当众狂歌热舞以兹庆祝！,当初所有笼络攀亲手段一切都取消，并且那笔资金让方笙改而投入股市，在一波涨势开红盘中，半个月内滚回三倍，恰好补去当初投资失败的亏损，还尚有余利，乐得锺重阳只差当众狂歌热舞以兹庆祝！
1,尤其是陈董，他只差没当场做出拭口水的动作，而张董只差没有发出狼嚎。,尤其是陈董，他只差当场做出拭口水的动作，而张董只差没有发出狼嚎。
1,唐逍逍只差没当场吐出一口鲜血以示抗议！,唐逍逍只差当场吐出一口鲜血以示抗议！
1,”老道士算得上是江湖中成名之士，大喘着气，只差没当场吐血昏倒。,”老道士算得上是江湖中成名之士，大喘着气，只差当场吐血昏倒。
1,如果她没记错的话，那次竞标结束后他还约了她那天晚上吃饭，可惜她还没开口答应，就被那个半路冒出来的李毅风给一口回绝了，当时她气得只差没当场咬李毅风一口泄恨。,如果她没记错的话，那次竞标结束后他还约了她那天晚上吃饭，可惜她还没开口答应，就被那个半路冒出来的李毅风给一口回绝了，当时她气得只差当场咬李毅风一口泄恨。
1,”杨谷对方艳文的印象更好了，只差没当场对她竖起大拇指称赞。,”杨谷对方艳文的印象更好了，只差当场对她竖起大拇指称赞。
1,而且你少把责任都推到我身上，谁看不出你对那丫头垂涎三尺，只差没当场扑上去。,而且你少把责任都推到我身上，谁看不出你对那丫头垂涎三尺，只差当场扑上去。
1,只见日本店员顶着一张浓妆艳抹的脸，一双眼睛净往秦仲文伟岸的身躯瞟，只差没当场扒了他的衣服。,只见日本店员顶着一张浓妆艳抹的脸，一双眼睛净往秦仲文伟岸的身躯瞟，只差当场扒了他的衣服。
1,”气得七窍生烟，只差没当场把他给掐死的玉琳，使劲推开他后，二话不说地冲至窗边拍开窗扇，对着外头的远山大吼大叫。,”气得七窍生烟，只差当场把他给掐死的玉琳，使劲推开他后，二话不说地冲至窗边拍开窗扇，对着外头的远山大吼大叫。
1,”玉珊儿只差没当场撕破李北羽那张笑不合拢的嘴巴。,”玉珊儿只差当场撕破李北羽那张笑不合拢的嘴巴。
1,”段樵的心跳得更剧烈，只差没当场昏倒。,”段樵的心跳得更剧烈，只差当场昏倒。
1,看到红英苍白着脸抱着双臂，赵士安不禁暗自好笑，这小女人真是好强得很，明明害怕得要命，只差没当场昏倒，却还嘴硬。,看到红英苍白着脸抱着双臂，赵士安不禁暗自好笑，这小女人真是好强得很，明明害怕得要命，只差当场昏倒，却还嘴硬。
1,”惶恐的她只差没当场昏厥而已。,”惶恐的她只差当场昏厥而已。
1,＂夏珞凡这下不光是头痛，只差没当场晕倒。,＂夏珞凡这下不光是头痛，只差当场晕倒。
1,”何欢在说诵时，血仍流何况周文全天生就害怕见血，有见那么多血，只差没当场晕过去，哪还有色心呢？,”何欢在说诵时，血仍流何况周文全天生就害怕见血，有见那么多血，只差当场晕过去，哪还有色心呢？
1,色眯眯的眼光，油头粉面，只差没当场流下口水，幻儿嫌恶的别开眼，再看向马仙梅，无比美，全身本钱好得没话说，将来年老色衰还可以去当一级奶妈。,色眯眯的眼光，油头粉面，只差当场流下口水，幻儿嫌恶的别开眼，再看向马仙梅，无比美，全身本钱好得没话说，将来年老色衰还可以去当一级奶妈。
1,李举昭冷不防被尖尖的鞋跟踩个正着，踩到的是他薄软小羊皮鞋下的小趾头，痛得只差没当场流下英雄泪。,李举昭冷不防被尖尖的鞋跟踩个正着，踩到的是他薄软小羊皮鞋下的小趾头，痛得只差当场流下英雄泪。
1,”正蓄势待发要一扑上前的不良少年们听到铁狠风的名号，双脚一软，只差没当场瘫倒在地上，就此昏厥了事。,”正蓄势待发要一扑上前的不良少年们听到铁狠风的名号，双脚一软，只差当场瘫倒在地上，就此昏厥了事。
1,果然，杨品逸只有在报价时开口，他甚至连报价也没正眼瞧过那位只差没当场脱衣给他看的辣妹一眼。,果然，杨品逸只有在报价时开口，他甚至连报价也没正眼瞧过那位只差当场脱衣给他看的辣妹一眼。
1,”他只差没当场起立欢呼。,”他只差当场起立欢呼。
1,”萧老夫人一脸担忧地问，只差没当场跟着她女儿也尖叫了起来。,”萧老夫人一脸担忧地问，只差当场跟着她女儿也尖叫了起来。
1,牛云的反应，就像宫里那些见了她皇阿玛的宫女，只差没当着面流口水，岂能瞒过她睿智的眼睛。,牛云的反应，就像宫里那些见了她皇阿玛的宫女，只差当着面流口水，岂能瞒过她睿智的眼睛。
1,“苏小姐真是多才多艺……”一身华服钻饰的茜雪明褒暗讽道：“不仅人美，名字也颇有趣致，妍妍、妍妍，再刚强的男人也会化为绕指柔──像李师师、唐盼盼、苏小小，都是琴棋书画样样精通的……“才女”，妍妍偏又姓苏：多巧：“盛气傲人的茜雪，只差没当面指称苏妍妍是妓女了。,“苏小姐真是多才多艺……”一身华服钻饰的茜雪明褒暗讽道：“不仅人美，名字也颇有趣致，妍妍、妍妍，再刚强的男人也会化为绕指柔──像李师师、唐盼盼、苏小小，都是琴棋书画样样精通的……“才女”，妍妍偏又姓苏：多巧：“盛气傲人的茜雪，只差当面指称苏妍妍是妓女了。
1,”“你……”他真的火了，一双手就只差没往她的脖子掐去，只是，他的身子都还没有上前，身后的人便随即将他拉住。,”“你……”他真的火了，一双手就只差往她的脖子掐去，只是，他的身子都还没有上前，身后的人便随即将他拉住。
1,不盖你，她真的学得有模有样，尤其在看见自己老爸那瞠目结舌的反应之后，她就只差没得意的纵声大笑，光看他那像见鬼的表情，她的努力就值回大半的票价。,不盖你，她真的学得有模有样，尤其在看见自己老爸那瞠目结舌的反应之后，她就只差得意的纵声大笑，光看他那像见鬼的表情，她的努力就值回大半的票价。
1,”他一颗脑袋点得只差没得脑霞荡。,”他一颗脑袋点得只差得脑霞荡。
1,”她强忍住冷静面孔下的激动，只差没微吼出声。,”她强忍住冷静面孔下的激动，只差微吼出声。
1,”星辰一跺脚，转身冲出女厕，被他气得只差没心肌梗塞。,”星辰一跺脚，转身冲出女厕，被他气得只差心肌梗塞。
1,这时的基拉只差没恨透自己的好视力。,这时的基拉只差恨透自己的好视力。
1,丁宗望在牢房里蜡缩了好久才醒过神来，手一插进口袋，触到了信纸，只差没惊叫出声。,丁宗望在牢房里蜡缩了好久才醒过神来，手一插进口袋，触到了信纸，只差惊叫出声。
1,我忘了提，在我三名兄长、三名弟弟中，就属锺岷之先生最为食古不化、古板保守，也不知道是谁教出来的，因为他阁下的妈，可是个手段高强的酒家女，当年当上我爹的第一任小老婆只差没惊天地泣鬼神了；也大概是物极必反的关系，锺岷之操守良好到可以去当圣人。,我忘了提，在我三名兄长、三名弟弟中，就属锺岷之先生最为食古不化、古板保守，也不知道是谁教出来的，因为他阁下的妈，可是个手段高强的酒家女，当年当上我爹的第一任小老婆只差惊天地泣鬼神了；也大概是物极必反的关系，锺岷之操守良好到可以去当圣人。
1,这几天他想了又想，只差没想爆了头，最后还是让他想出这个最佳女主角的人选。,这几天他想了又想，只差想爆了头，最后还是让他想出这个最佳女主角的人选。
1,冰儿只差没想破头地翻了个大白眼又道：“‘三巴’和‘巫山巫峡’都是指四川。,冰儿只差想破头地翻了个大白眼又道：“‘三巴’和‘巫山巫峡’都是指四川。
1,”钟天根面色白得跟黑白无常似的，两拳头握得溢出汁来，只差没愤而将他女儿的脖子扭下来。,”钟天根面色白得跟黑白无常似的，两拳头握得溢出汁来，只差愤而将他女儿的脖子扭下来。
1,”大嫂犹在笑咯咯，指尖只差没戳到我额心来，“打去公寓的那个电话，是我的恶作剧。,”大嫂犹在笑咯咯，指尖只差戳到我额心来，“打去公寓的那个电话，是我的恶作剧。
1,不明情况的班长笑得可贱了，一脸的三八兮兮媒婆状，只差没手拈丝巾给它扭了过来。,不明情况的班长笑得可贱了，一脸的三八兮兮媒婆状，只差手拈丝巾给它扭了过来。
1,而丁皓用杀人的眼光狠狠盯着孟冠人，只差没扑上去将他的投扭下来当球踢！,而丁皓用杀人的眼光狠狠盯着孟冠人，只差扑上去将他的投扭下来当球踢！
1,”小喜泪眼汪汪地看着他，只差没扑上去抱住他的腿了！,”小喜泪眼汪汪地看着他，只差扑上去抱住他的腿了！
1,”气得张牙舞爪的小女生只差没扑上来揍人了。,”气得张牙舞爪的小女生只差扑上来揍人了。
1,气得只差没扑扑跳的太苍咬牙切齿地盯着直指在自己鼻尖的纤纤细指，不知哪儿来的一股冲动，他前倾身子，张开嘴像啃鸡腿似地咬下去……“啊！,气得只差扑扑跳的太苍咬牙切齿地盯着直指在自己鼻尖的纤纤细指，不知哪儿来的一股冲动，他前倾身子，张开嘴像啃鸡腿似地咬下去……“啊！
1,”翻脸比翻书更快，富老夫妇只差没扑过去躬身哈腰，跪地叩安。,”翻脸比翻书更快，富老夫妇只差扑过去躬身哈腰，跪地叩安。
1,”凯宾拉起苏珊娜，将她从头看到脚，再从脚看到头，只差没扒光她的衣服验明正身。,”凯宾拉起苏珊娜，将她从头看到脚，再从脚看到头，只差扒光她的衣服验明正身。
1,”握思冷着声音，双眸荡漾冰冷的灿光，瞪得阿道夫只差没打一记冷颤。,”握思冷着声音，双眸荡漾冰冷的灿光，瞪得阿道夫只差打一记冷颤。
1,”他左肘支在椅子扶手上，懒懒撑着头，只差没打个呵欠挥手送客。,”他左肘支在椅子扶手上，懒懒撑着头，只差打个呵欠挥手送客。
1,雷赶紧将书合上，赫然发现自己读的是世界童话选集，窘得只差没打个地洞，化身为地鼠。,雷赶紧将书合上，赫然发现自己读的是世界童话选集，窘得只差打个地洞，化身为地鼠。
1,在所有人的注视之下，黎扬慢条斯理踱向迎来暖风的窗边，最后脚步停在那个无视学生会会议讨论，在一旁呼呼大睡只差没打呼助兴的一一邡圣攸。,在所有人的注视之下，黎扬慢条斯理踱向迎来暖风的窗边，最后脚步停在那个无视学生会会议讨论，在一旁呼呼大睡只差打呼助兴的一一邡圣攸。
1,再沏上一壶水果茶端到客厅时，两个酒足饭饱只差没打嗝的男人正瘫坐在沙发上。,再沏上一壶水果茶端到客厅时，两个酒足饭饱只差打嗝的男人正瘫坐在沙发上。
1,李丽菁的父母和那雷可夫的父母都不知道事情的始末，还为此吵了几次架，只差没打起来。,李丽菁的父母和那雷可夫的父母都不知道事情的始末，还为此吵了几次架，只差打起来。
1,唉哟我的天……”秦琬琬愈不信邪，拳脚齐施，直打到浑身骨节都发起软来，方才住手，喘吁吁的道：“你这……真奇怪……真贱……”铁蛋揉揉胸口，得意得不得了，好像刚吃饱饭一样，只差没打饱嗝。,唉哟我的天……”秦琬琬愈不信邪，拳脚齐施，直打到浑身骨节都发起软来，方才住手，喘吁吁的道：“你这……真奇怪……真贱……”铁蛋揉揉胸口，得意得不得了，好像刚吃饱饭一样，只差打饱嗝。
1,孙束雅只差没打鼻腔哼出一口气。,孙束雅只差打鼻腔哼出一口气。
1,还满像给女兵穿的，只差没扛上一支枪。,还满像给女兵穿的，只差扛上一支枪。
1,夏珞凡恶狠狠的瞪他，一直瞪、一直瞪瞪的只差没扭伤眼珠子。,夏珞凡恶狠狠的瞪他，一直瞪、一直瞪瞪的只差扭伤眼珠子。
1,难得被饱读诗书的魏英夸奖，王晋乐得只差没扭到脖子，他搔搔胡子，得意洋洋道：“废话，我虽然没读过什么书，但这点道理我还是懂的。,难得被饱读诗书的魏英夸奖，王晋乐得只差扭到脖子，他搔搔胡子，得意洋洋道：“废话，我虽然没读过什么书，但这点道理我还是懂的。
1,她噗的一声呛咳出来，只差没扶著木桶边缘大吐特吐。,她噗的一声呛咳出来，只差扶著木桶边缘大吐特吐。
1,突兀的开口造成无瑕双颊红云满盈，羞得只差没找个地洞去躲。,突兀的开口造成无瑕双颊红云满盈，羞得只差找个地洞去躲。
1,”她羞得只差没找个地洞钻进去。,”她羞得只差找个地洞钻进去。
1,”紫玉窘得只差没找个地洞钻进去，面对她父母欣喜的目光，她涨红了脸蛋。,”紫玉窘得只差找个地洞钻进去，面对她父母欣喜的目光，她涨红了脸蛋。
1,”向飘然一笑道：“没有的事，我被你们困在阵中三年，也摸索得差不多了，只差没找到阵的枢纽而已。,”向飘然一笑道：“没有的事，我被你们困在阵中三年，也摸索得差不多了，只差找到阵的枢纽而已。
1,她毫不犹豫前踏一步，用力抓起启太的手腕，坚决地挺胸后，把启太的手光明正大地紧贴自己的胸部，阳子只差没把“怎样啊！”说出口而已，还边怒瞪着他。,她毫不犹豫前踏一步，用力抓起启太的手腕，坚决地挺胸后，把启太的手光明正大地紧贴自己的胸部，阳子只差把“怎样啊！”说出口而已，还边怒瞪着他。
1,”她那双圆亮的净眸怀疑地东瞟瞟、西瞄瞄，明显得只差没把“骗人”两字印在眼中而已。,”她那双圆亮的净眸怀疑地东瞟瞟、西瞄瞄，明显得只差把“骗人”两字印在眼中而已。
1,这个臭男人，只差没把一个‘笨’字直接丢到她脸上了！,这个臭男人，只差把一个‘笨’字直接丢到她脸上了！
1,家丁、山口组所能动员的手下全都派出去找了，只差没把京都翻过来！,家丁、山口组所能动员的手下全都派出去找了，只差把京都翻过来！
1,斐儿这念头才刚落下，海粟就从某个角落里蹦出来，活生生的，如强风过境般，只差没把人吹走。,斐儿这念头才刚落下，海粟就从某个角落里蹦出来，活生生的，如强风过境般，只差把人吹走。
1,”她气得只差没把他吊起来毒打一顿，严刑逼供。,”她气得只差把他吊起来毒打一顿，严刑逼供。
1,有人跑凌家的次数比他还勤，霸占芊黛不算，还喧宾夺主的敌视他这位“贵客”，只差没把他挥出凌家大门。,有人跑凌家的次数比他还勤，霸占芊黛不算，还喧宾夺主的敌视他这位“贵客”，只差把他挥出凌家大门。
1,贺连辰心中莞尔，姑姑们大概是连续剧看多了，只差没把他捧成了唐太宗李世民。,贺连辰心中莞尔，姑姑们大概是连续剧看多了，只差把他捧成了唐太宗李世民。
1,父母亲都是市机关的高干、对儿子疼爱得只差没把他放在神龛上供着了，衣来伸手、饭来张口，从没沾过丁点儿活计。,父母亲都是市机关的高干、对儿子疼爱得只差把他放在神龛上供着了，衣来伸手、饭来张口，从没沾过丁点儿活计。
1,”她卯足了劲提醒他，只差没把他的糗事全抖出来――这完全是为了顾及他的面子。,”她卯足了劲提醒他，只差把他的糗事全抖出来――这完全是为了顾及他的面子。
1,这丫鬟和丫鬟间互通消息的本事，只差没把传声筒当号角吹，只要一丁点风吹草动，府里上上下下想不知道都不成。,这丫鬟和丫鬟间互通消息的本事，只差把传声筒当号角吹，只要一丁点风吹草动，府里上上下下想不知道都不成。
1,我那时真的气坏了，只差没把你抓起来狠狠打你的小屁股。,我那时真的气坏了，只差把你抓起来狠狠打你的小屁股。
1,“她只差没把你的照片挂在床头，每天早、午、晚各拜一次而已。,“她只差把你的照片挂在床头，每天早、午、晚各拜一次而已。
1,彤秀琰愉快地沉浸在自己的幻想之中，只差没把双脚跷到桌上去。,彤秀琰愉快地沉浸在自己的幻想之中，只差把双脚跷到桌上去。
1,”终于，牧白注意到她了，他只知道打一开始，这个女人就吱吱喳喳的说了一大堆，也不知她到底在说些什么，当她制止他的动作，他才发现她早已“黏”在他身上，只差没把口水滴在他的脸上。,”终于，牧白注意到她了，他只知道打一开始，这个女人就吱吱喳喳的说了一大堆，也不知她到底在说些什么，当她制止他的动作，他才发现她早已“黏”在他身上，只差把口水滴在他的脸上。
1,”左昕璇双眼晶晶发亮看着凌云，只差没把口水滴在他身上。,”左昕璇双眼晶晶发亮看着凌云，只差把口水滴在他身上。
1,为了找她，所有的人只差没把台中的地皮给一寸寸掀开来。,为了找她，所有的人只差把台中的地皮给一寸寸掀开来。
1,“那么明显的特征，只差没把名字刻在脸上，还看不出来的话，你这泰坦神国的大将军真该去做守门的。,“那么明显的特征，只差把名字刻在脸上，还看不出来的话，你这泰坦神国的大将军真该去做守门的。
1,”“你们……你们收我的钱却没办好事……”“二小姐，我们也都奔波劳累了好一阵子，只差没把命卖给你，而你却从来不尊重我们，将我们当作贱民，付钱也只付一半。,”“你们……你们收我的钱却没办好事……”“二小姐，我们也都奔波劳累了好一阵子，只差把命卖给你，而你却从来不尊重我们，将我们当作贱民，付钱也只付一半。
1,带上礼物一份，再三告诫自己言多必失，只差没把嘴巴暂时用线缝起来而已。,带上礼物一份，再三告诫自己言多必失，只差把嘴巴暂时用线缝起来而已。
1,看似镇定的外表却做着疯狂的事，只差没把地板给翻起来找人，＂喂！,看似镇定的外表却做着疯狂的事，只差把地板给翻起来找人，＂喂！
1,可是当浚浚开口要求柔柔离婚时，他二话不说就把石悟轩列入“十大敌人排行榜”的榜首，不管他对柔柔有没有兴趣，反正他对石悟轩是讨厌定了；当他得知柔柔邀请石悟轩上门，气得只差没把大门给拆了，现在他脸上的表情在在说明了他正处于盛怒中。,可是当浚浚开口要求柔柔离婚时，他二话不说就把石悟轩列入“十大敌人排行榜”的榜首，不管他对柔柔有没有兴趣，反正他对石悟轩是讨厌定了；当他得知柔柔邀请石悟轩上门，气得只差把大门给拆了，现在他脸上的表情在在说明了他正处于盛怒中。
1,她很努力、真的非常用力的在努力，尤其在大四的最后一个学期，她还找了个百分之百、充满淑女气质的英国女孩来当学习的对象，就只差没把头发染上和对方一样的金碧辉煌回国吓死她老爸。,她很努力、真的非常用力的在努力，尤其在大四的最后一个学期，她还找了个百分之百、充满淑女气质的英国女孩来当学习的对象，就只差把头发染上和对方一样的金碧辉煌回国吓死她老爸。
1,想当年她六岁时端了一杯茶去孝敬父亲时，向来严肃的父亲感动得只差没把她丢上天，亲得她嫩嫩的小脸好疼也好痒。,想当年她六岁时端了一杯茶去孝敬父亲时，向来严肃的父亲感动得只差把她丢上天，亲得她嫩嫩的小脸好疼也好痒。
1,他望着他的妻子时的眼神简直像狼，只差没把她吞下去。,他望着他的妻子时的眼神简直像狼，只差把她吞下去。
1,许久，苏盈似乎才明白自己的失态，吓到了眼前的女孩，连忙放开手，微微苦涩一笑，替夏芳韵展平了衣袖上的皱褶：“啊，不是的，夏姑娘你误会了――”顿了顿，看见夏芳韵满怀惊讶的看着自己，只差没把她当成剪径的女强人，苏盈苦笑着，终于临时想到了一个解释：“那只臂环，其实样式和我娘以前戴的那娘死的早，一点念心儿都没有留下……以，我看见它……”“哎呀…早知道我就不送人了。,许久，苏盈似乎才明白自己的失态，吓到了眼前的女孩，连忙放开手，微微苦涩一笑，替夏芳韵展平了衣袖上的皱褶：“啊，不是的，夏姑娘你误会了――”顿了顿，看见夏芳韵满怀惊讶的看着自己，只差把她当成剪径的女强人，苏盈苦笑着，终于临时想到了一个解释：“那只臂环，其实样式和我娘以前戴的那娘死的早，一点念心儿都没有留下……以，我看见它……”“哎呀…早知道我就不送人了。
1,早些听闻冷姑娘除了美若天仙外，因救了御厨一命，御厨对她的厚待，只差没把她当皇后，宫内的人皆知，却没有指贵她的放肆，因为她实在太得人心。,早些听闻冷姑娘除了美若天仙外，因救了御厨一命，御厨对她的厚待，只差把她当皇后，宫内的人皆知，却没有指贵她的放肆，因为她实在太得人心。
1,”在车里，他们的肢体已贴近得不能再贴近了，他只差没把她搂上腿而已。,”在车里，他们的肢体已贴近得不能再贴近了，他只差把她搂上腿而已。
1,他当真是饶了左樱一命，只差没把她的最后一口气赶尽杀绝。,他当真是饶了左樱一命，只差把她的最后一口气赶尽杀绝。
1,”当下冷汗涔涔流遍了玉琳一身，只差没把她给淹没。,”当下冷汗涔涔流遍了玉琳一身，只差把她给淹没。
1,当年为了学费及生活费她打工从早打到晚，其中几乎从各式的小吃店到台北每家餐厅、大饭店她都待过，结果高商三年读下来，学校的课本没学到什么实用的东西，倒是在打工的地方练就了一双好手艺，就连吃起东西超级挑嘴的小娟都佩服她佩服的五体投地，只差没把她请回家供着而已。,当年为了学费及生活费她打工从早打到晚，其中几乎从各式的小吃店到台北每家餐厅、大饭店她都待过，结果高商三年读下来，学校的课本没学到什么实用的东西，倒是在打工的地方练就了一双好手艺，就连吃起东西超级挑嘴的小娟都佩服她佩服的五体投地，只差把她请回家供着而已。
1,你知不知道这半个月来大家为了找你，可以说是动员了所有的人力和关系，几乎把整个台湾都找遍了，只差没把它翻过来而已！,你知不知道这半个月来大家为了找你，可以说是动员了所有的人力和关系，几乎把整个台湾都找遍了，只差把它翻过来而已！
1,你这个妮子就是这些地方讨人喜爱，干脆俐落，不像我那个媳妇，到亲戚家去做一天客，第二天就回来的，她只差没把家搬去。,你这个妮子就是这些地方讨人喜爱，干脆俐落，不像我那个媳妇，到亲戚家去做一天客，第二天就回来的，她只差把家搬去。
1,怨秋扯了一下嘴皮子，林正义以为这是赞同的喜悦，立刻话匣子打开，如数家珍地大谈他一生丰功伟业，从祖宗八代谈到个人的成就，只差没把家财顺便清单明列。,怨秋扯了一下嘴皮子，林正义以为这是赞同的喜悦，立刻话匣子打开，如数家珍地大谈他一生丰功伟业，从祖宗八代谈到个人的成就，只差把家财顺便清单明列。
1,”他只差没把宾馆房间的钥匙掏出来，免费仲介桃色交易。,”他只差把宾馆房间的钥匙掏出来，免费仲介桃色交易。
1,昨天才去过的“百尺飞泉”、“穿云奇木”，后来干脆乘着蝠虎在天空逛了起来，想耗到晚上再去见识“彩聚云光”，没想到陈信忽然间听到由城东传来一声巨响，同时感受到一股异常熟悉的强大内息，陈信马上明白是小柔这一全力加速还不是转眼即到，终于实时解决了薛干尚的危机，不过蝠虎不听话是有名的，小刚见到陈信与小柔往东赶，虽然陈信嘱咐它慢，它自己却不打算多慢，还足前脚后脚的赶到，只差没把小公主甩下去，自然把小公主吓的花容失色。,昨天才去过的“百尺飞泉”、“穿云奇木”，后来干脆乘着蝠虎在天空逛了起来，想耗到晚上再去见识“彩聚云光”，没想到陈信忽然间听到由城东传来一声巨响，同时感受到一股异常熟悉的强大内息，陈信马上明白是小柔这一全力加速还不是转眼即到，终于实时解决了薛干尚的危机，不过蝠虎不听话是有名的，小刚见到陈信与小柔往东赶，虽然陈信嘱咐它慢，它自己却不打算多慢，还足前脚后脚的赶到，只差把小公主甩下去，自然把小公主吓的花容失色。
1,嗯――这个……对了，我结婚要经过很多人同意，爸爸、奶奶、外公、外婆、叔叔、婶婶、舅舅――”她一口念了六、七十个亲戚名单，只差没把幼稚园老师也给排上去。,嗯――这个……对了，我结婚要经过很多人同意，爸爸、奶奶、外公、外婆、叔叔、婶婶、舅舅――”她一口念了六、七十个亲戚名单，只差把幼稚园老师也给排上去。
1,宠她、疼她、怜她，只差没把心一块儿掏给她了，她还有什么不满？,宠她、疼她、怜她，只差把心一块儿掏给她了，她还有什么不满？
1,“我解释了，我甚至跪了下来，我只差没把心剖开，我请求他宽恕我那一吻，但他没有，他把那一吻视为我对他的背叛，他认为这是不可饶恕的耻辱。,“我解释了，我甚至跪了下来，我只差把心剖开，我请求他宽恕我那一吻，但他没有，他把那一吻视为我对他的背叛，他认为这是不可饶恕的耻辱。
1,仿佛有一世纪那么的长久，我这才从那恐怖的意识之中苏醒，如果不是大哥猛力摇撼我双肩，只差没把我肩骨摇脱臼，我想我仍然还没恢复知觉。,仿佛有一世纪那么的长久，我这才从那恐怖的意识之中苏醒，如果不是大哥猛力摇撼我双肩，只差把我肩骨摇脱臼，我想我仍然还没恢复知觉。
1,当下全家动员，尢其是老弟，身为罪魁祸首的他，只差没把房子倒翻、车子解体。,当下全家动员，尢其是老弟，身为罪魁祸首的他，只差把房子倒翻、车子解体。
1,明珠是一路抱著意面的腰，还不时把头伸到他耳朵旁边说悄悄话，而我则是心惊胆跳的坐在大丙的伟士牌上，只差没把手拉断，从没看过有人骑车这么狠的，时速六十，在英专路上狂飙，吓死我了。,明珠是一路抱著意面的腰，还不时把头伸到他耳朵旁边说悄悄话，而我则是心惊胆跳的坐在大丙的伟士牌上，只差把手拉断，从没看过有人骑车这么狠的，时速六十，在英专路上狂飙，吓死我了。
1,那种火辣辣的镜头只差没把报纸绘烧出个大洞，既然你都能如此慷慨地当众表演，还会去在乎什么名节呢？,那种火辣辣的镜头只差把报纸绘烧出个大洞，既然你都能如此慷慨地当众表演，还会去在乎什么名节呢？
1,”瞧她只差没把指头也吃下肚的可爱模样，库达自喉咙深处发出低沉的笑。,”瞧她只差把指头也吃下肚的可爱模样，库达自喉咙深处发出低沉的笑。
1,此刻睇向她家少爷的目光，不再有对一个主子的礼貌和客气，她只差没把散漫、轻佻、无耻直接宣之于口了。,此刻睇向她家少爷的目光，不再有对一个主子的礼貌和客气，她只差把散漫、轻佻、无耻直接宣之于口了。
1,他看了玫瑰一下后，又继续说：“玫瑰，恩宇是美国关氏集团的继承人，但是这个不肖子在我们毕业的当天，就脚底抹油的溜回台湾，让美国的那些人找翻天了，只差没把整个美国翻过来了！,他看了玫瑰一下后，又继续说：“玫瑰，恩宇是美国关氏集团的继承人，但是这个不肖子在我们毕业的当天，就脚底抹油的溜回台湾，让美国的那些人找翻天了，只差把整个美国翻过来了！
1,”事实上，当他回到寝宫发现她根本没有回房时，简直快急疯了，只差没把整座宫苑翻过来找人。,”事实上，当他回到寝宫发现她根本没有回房时，简直快急疯了，只差把整座宫苑翻过来找人。
1,”若月只差没把杜羿生掐死了事。,”若月只差把杜羿生掐死了事。
1,难怪她找了老半天，只差没把白虎寨给掀了过来，就是没有白虎镜的下落，原来白虎镜早就改了名字。,难怪她找了老半天，只差把白虎寨给掀了过来，就是没有白虎镜的下落，原来白虎镜早就改了名字。
1,＂汤子建吃痛地叫了一声，装出可怜兮兮的模样，只差没把眼泪挤出来。,＂汤子建吃痛地叫了一声，装出可怜兮兮的模样，只差把眼泪挤出来。
1,等她发现时已像个初生的婴儿一般赤裸，于是她瞪得更用力了，只差没把眼珠子瞪出来。,等她发现时已像个初生的婴儿一般赤裸，于是她瞪得更用力了，只差把眼珠子瞪出来。
1,”双眼怒张得圆滚滚，只差没把眼珠子瞪出来，她气极地吼道：“谁要吃你死猪肉包成的臭包子！,”双眼怒张得圆滚滚，只差把眼珠子瞪出来，她气极地吼道：“谁要吃你死猪肉包成的臭包子！
1,”助理只差没把眼珠子瞪掉。,”助理只差把眼珠子瞪掉。
1,在面临“生死”的关头上，小豆子此时恭顺得有点谄媚，转变之快令小豆子旁边那两名小太监猛眨眼睛，只差没把眼珠子给眨出来。,在面临“生死”的关头上，小豆子此时恭顺得有点谄媚，转变之快令小豆子旁边那两名小太监猛眨眼睛，只差把眼珠子给眨出来。
1,”快手瞪着有如怪物的雷神，只差没把眼珠瞪得掉下来。,”快手瞪着有如怪物的雷神，只差把眼珠瞪得掉下来。
1,从此阿婆全家对她感谢得要命，只差没把绮妙供起来拜。,从此阿婆全家对她感谢得要命，只差把绮妙供起来拜。
1,只差没把胡子留起来而已。,只差把胡子留起来而已。
1,”孟樵一踏出浴室就看见夏启东趴在地上，只差没把脑袋塞进床底下。,”孟樵一踏出浴室就看见夏启东趴在地上，只差把脑袋塞进床底下。
1,”小蜜尖叫着，而席若水依然不断地将束腹拉扯得更紧，就只差没把脚顶上她的背了。,”小蜜尖叫着，而席若水依然不断地将束腹拉扯得更紧，就只差把脚顶上她的背了。
1,他已经快速将自己全身穿戴整齐，包得密不透风，就只差没把脸包起来，总不能让青梅以为他心怀不轨，意图轻薄吧！,他已经快速将自己全身穿戴整齐，包得密不透风，就只差把脸包起来，总不能让青梅以为他心怀不轨，意图轻薄吧！
1,石蝶衣正襟危坐地低着头，一副努力研究手里资料的模样，其认真的程度只差没把脸埋进活页夹中。,石蝶衣正襟危坐地低着头，一副努力研究手里资料的模样，其认真的程度只差把脸埋进活页夹中。
1,”外务总管感慨万千的跪拜，只差没把腰上的武士刀给拔出刀，搁在肚皮上罢了！,”外务总管感慨万千的跪拜，只差把腰上的武士刀给拔出刀，搁在肚皮上罢了！
1,仗着自己长得俊，他学银幕明星的酷劲，牛仔裤、皮夹克和一把小辫子，什么都来，只差没把自己当情圣。,仗着自己长得俊，他学银幕明星的酷劲，牛仔裤、皮夹克和一把小辫子，什么都来，只差把自己当情圣。
1,冷清夜羞得只差没把自己缩进桌下去。,冷清夜羞得只差把自己缩进桌下去。
1,更别说这件事不是第一次发生了，上次我虽然也没说什么，但心中不舒服的感觉――我跟你发誓――只差没把自己逼疯了。,更别说这件事不是第一次发生了，上次我虽然也没说什么，但心中不舒服的感觉――我跟你发誓――只差把自己逼疯了。
1,”他只差没把舌头吐出来，学狗讨赏。,”他只差把舌头吐出来，学狗讨赏。
1,飞船像课桌上跌落的铅笔盒，只差没把莫莉像铅笔一样甩出来。,飞船像课桌上跌落的铅笔盒，只差把莫莉像铅笔一样甩出来。
1,约瑟芬失踪时，穆雷就像发了疯似的到处寻找，只差没把蓝月山庄翻过来，之后，更是过了一段惨淡悲伤的日子，所以你可以想见在乍见这条项链时，穆雷心中会有多激动了。,约瑟芬失踪时，穆雷就像发了疯似的到处寻找，只差把蓝月山庄翻过来，之后，更是过了一段惨淡悲伤的日子，所以你可以想见在乍见这条项链时，穆雷心中会有多激动了。
1,这玩意可值我全身家当，只差没把衣裤当出去！,这玩意可值我全身家当，只差把衣裤当出去！
1,”唐心咬牙切齿地说，只差没把装果汁的玻璃杯咬碎。,”唐心咬牙切齿地说，只差把装果汁的玻璃杯咬碎。
1,＂彤秀琰缀着茶道，＂整天在那条街上转来转去，连完整的店面分布图都给画出来了，只差没把那些店家的祖宗八代全挖出来！,＂彤秀琰缀着茶道，＂整天在那条街上转来转去，连完整的店面分布图都给画出来了，只差把那些店家的祖宗八代全挖出来！
1,彤秀议昨天已经尽了最大的努力，只差没把那块地毯挖起来＂毁尸灭迹＂了，只等今天干了以后再看情况如何，或许能蒙混过去。,彤秀议昨天已经尽了最大的努力，只差把那块地毯挖起来＂毁尸灭迹＂了，只等今天干了以后再看情况如何，或许能蒙混过去。
1,反正该说的她都说了，就只差没把门给拆掉；而林非凡不出来，她也“没法度”。,反正该说的她都说了，就只差把门给拆掉；而林非凡不出来，她也“没法度”。
1,总那么炯炯逼人，像要将她看透似的；还有他的动作，老是向前倾，只差没抓住她；而他的声音，急切热情，说出的话，常常是不合常理的。,总那么炯炯逼人，像要将她看透似的；还有他的动作，老是向前倾，只差抓住她；而他的声音，急切热情，说出的话，常常是不合常理的。
1,兰儿忙低着头跟了上去，不敢一个人留在楼下供人参观；她只差没抓着他的衣，要他等她了。,兰儿忙低着头跟了上去，不敢一个人留在楼下供人参观；她只差抓着他的衣，要他等她了。
1,交战那几日，监牢像地狱，墙壁不断剥落，二、三天没有人给我们送食物，只差没抓老鼠吃！,交战那几日，监牢像地狱，墙壁不断剥落，二、三天没有人给我们送食物，只差抓老鼠吃！
1,”柯姑妈拍案尖叫的跳起来，只差没抡袖打人了！,”柯姑妈拍案尖叫的跳起来，只差抡袖打人了！
1,看来今晚他相当受到欢迎，只差没抢了东道主的丰采。,看来今晚他相当受到欢迎，只差抢了东道主的丰采。
1,只差没抢过来先吃为快，就不知道对方还在等什么！,只差抢过来先吃为快，就不知道对方还在等什么！
1,”原本盘桓在他膝盖上作怪的小脚突然往上面探去，压碰他一触即发的“危险地带”，他只差没护着重要部位跳起来。,”原本盘桓在他膝盖上作怪的小脚突然往上面探去，压碰他一触即发的“危险地带”，他只差护着重要部位跳起来。
1,“你去散心，却害我寝食难安，只差没报警寻人了。,“你去散心，却害我寝食难安，只差报警寻人了。
1,南宫劳钦佩得五体投地，只差没抱住二姨太大跳霓裳羽衣舞，他居然没想到自己可以从反面点题。,南宫劳钦佩得五体投地，只差抱住二姨太大跳霓裳羽衣舞，他居然没想到自己可以从反面点题。
1,”水柳只差没抱头哀嚎了。,”水柳只差抱头哀嚎了。
1,”王妃激动地颤抖着双手握着骆云香的柔夷，只差没抱头痛哭、感谢天地，“你终于肯叫娘了！,”王妃激动地颤抖着双手握着骆云香的柔夷，只差抱头痛哭、感谢天地，“你终于肯叫娘了！
1,”她只差没抱着林馨痛哭失声，她拉住她住凯杰的办公室走去。,”她只差抱着林馨痛哭失声，她拉住她住凯杰的办公室走去。
1,时彦和欧亚一号笑得只差没抱著肚子在地上打滚。,时彦和欧亚一号笑得只差抱著肚子在地上打滚。
1,哦，仔细一一看，那副白脸上了粉儿，只差没抹口红。,哦，仔细一一看，那副白脸上了粉儿，只差抹口红。
1,她大声欢呼，只差没拍手大喊恭贺新书。,她大声欢呼，只差拍手大喊恭贺新书。
1,”比扇君恒的反应还明显，想到能常有大鱼才肉吃，扇君恬叫着，只差没拍手欢呼，明亮的大眼立即更加灿烂，很显然她十分欢迎。,”比扇君恒的反应还明显，想到能常有大鱼才肉吃，扇君恬叫着，只差拍手欢呼，明亮的大眼立即更加灿烂，很显然她十分欢迎。
1,”康母只差没拍案大吼。,”康母只差拍案大吼。
1,在这段期间，高登巴姆王朝统治全人类社会达二○○年以上，集权力和财富于一身，无所不用其极，杀害无辜的人、强夺人家的女儿，制定对自身有利的法律……"她的气势逼人，只差没拍桌子了。,在这段期间，高登巴姆王朝统治全人类社会达二○○年以上，集权力和财富于一身，无所不用其极，杀害无辜的人、强夺人家的女儿，制定对自身有利的法律……"她的气势逼人，只差拍桌子了。
1,＂项惠紫充满信心地摆摆手，只差没拍胸脯保证．她这美貌智慧兼具、闻名各校的才女可不是白当的，岂会搞不定这种小ＣＡＳＥ．毫无疑问，形象能保持得如此完美，也得她有真本事才行！,＂项惠紫充满信心地摆摆手，只差拍胸脯保证．她这美貌智慧兼具、闻名各校的才女可不是白当的，岂会搞不定这种小ＣＡＳＥ．毫无疑问，形象能保持得如此完美，也得她有真本事才行！
1,他怎么知道我处于警戒状态，只差没拿个什么武器在手上，以防吃亏被偷袭。,他怎么知道我处于警戒状态，只差拿个什么武器在手上，以防吃亏被偷袭。
1,”朱玛丽只差没拿个扩音器。,”朱玛丽只差拿个扩音器。
1,她特地向同校企管系的朋友打探过这位名人，商学院的学生一听见“纪汉扬”三个字没有不咋舌的，还露出一副“成就当如纪汉扬”的欣羡眼光，只差没拿他当偶像膜拜。,她特地向同校企管系的朋友打探过这位名人，商学院的学生一听见“纪汉扬”三个字没有不咋舌的，还露出一副“成就当如纪汉扬”的欣羡眼光，只差拿他当偶像膜拜。
1,”高维笑着说：“开玩笑的，他只差没拿你的相片拿去做Ｔ恤穿了。,”高维笑着说：“开玩笑的，他只差拿你的相片拿去做Ｔ恤穿了。
1,”童暧暧皱眉问，他们两个之间只差没拿刀互砍了，这叫朋友？,”童暧暧皱眉问，他们两个之间只差拿刀互砍了，这叫朋友？
1,只不过，家倩似乎牵错红线了，欧浩文和宛倩，唉……两人自从机场上第一次见面开始，就吵得天翻地覆、鸡犬不宁，只差没拿刀互砍！,只不过，家倩似乎牵错红线了，欧浩文和宛倩，唉……两人自从机场上第一次见面开始，就吵得天翻地覆、鸡犬不宁，只差拿刀互砍！
1,想当年ｋ大学联会长是个风云人物，英俊潇洒不知迷煞了多少女孩芳心；偏偏人家独独钟情Ａ大“第一名嘴”白水晶，众目睽睽下追苦追白水晶一年；天天有情书，日日在校门口守候，白水晶烦得只差没拿刀区将他解决了。,想当年ｋ大学联会长是个风云人物，英俊潇洒不知迷煞了多少女孩芳心；偏偏人家独独钟情Ａ大“第一名嘴”白水晶，众目睽睽下追苦追白水晶一年；天天有情书，日日在校门口守候，白水晶烦得只差拿刀区将他解决了。
1,她已经连绩加班半个月了，每一天都被他弄到十二点才放人，她气得只差没拿刀砍了他。,她已经连绩加班半个月了，每一天都被他弄到十二点才放人，她气得只差拿刀砍了他。
1,你只差没拿喷雾瓦斯来对付我了！,你只差拿喷雾瓦斯来对付我了！
1,这些话是要用来下马威的，雾霜当然转出这种“一语双关”的话，她只差没拿手中的叉子往自己的眼睛刺进去，她宁愿死了，也不愿在这里受侮辱，他们实在太不把她放在眼里。,这些话是要用来下马威的，雾霜当然转出这种“一语双关”的话，她只差拿手中的叉子往自己的眼睛刺进去，她宁愿死了，也不愿在这里受侮辱，他们实在太不把她放在眼里。
1,他只差没拿把刀将眼前双眸晶光灿烂、口水直流的妖孽大卸八块。,他只差拿把刀将眼前双眸晶光灿烂、口水直流的妖孽大卸八块。
1,“老太婆仔仔细细看了他好半天，只差没拿放大镜出来。,“老太婆仔仔细细看了他好半天，只差拿放大镜出来。
1,”她疯狂地拍着门板，只差没拿斧头把它劈烂。,”她疯狂地拍着门板，只差拿斧头把它劈烂。
1,”杜扬道哀怨地望着他，只差没拿条毛巾在嘴里咬。,”杜扬道哀怨地望着他，只差拿条毛巾在嘴里咬。
1,他们只差没拿条链子把我拴在他们身边。,他们只差拿条链子把我拴在他们身边。
1,从头到尾，破晓跟南宫寿就在一旁看戏，尤其破晓的感冒在中途就完全痊愈，凑热闹的心态让她只差没拿瓜子出来嗑了。,从头到尾，破晓跟南宫寿就在一旁看戏，尤其破晓的感冒在中途就完全痊愈，凑热闹的心态让她只差拿瓜子出来嗑了。
1,”咏贤两手抱胸，像个女牢头似的站在他身边喝令，只差没拿皮鞭抽他。,”咏贤两手抱胸，像个女牢头似的站在他身边喝令，只差拿皮鞭抽他。
1,我知道他们已经把帖子印好只差没拿着帖子逼我结婚；另外，告诉我妈，不用太早找幼儿园，我还不打算太早让小熏生孩子。,我知道他们已经把帖子印好只差拿着帖子逼我结婚；另外，告诉我妈，不用太早找幼儿园，我还不打算太早让小熏生孩子。
1,安继方只差没拿罐酒精擦洗她被人乱亲的部位。,安继方只差拿罐酒精擦洗她被人乱亲的部位。
1,关恒毅觉得差点抬不起头来，（只差没拿袋子遮住脸。,关恒毅觉得差点抬不起头来，（只差拿袋子遮住脸。
1,”石蝶衣重声斥道，气怒得只差没拿起一旁的桌灯往他脸上砸过去。,”石蝶衣重声斥道，气怒得只差拿起一旁的桌灯往他脸上砸过去。
1,”问话时的母夜叉只差没拿起斧头砍人，而凶杀案中的男主角却还不知死活的抚脸叹息，丝毫未曾察觉到响彻天际的咬牙声。,”问话时的母夜叉只差拿起斧头砍人，而凶杀案中的男主角却还不知死活的抚脸叹息，丝毫未曾察觉到响彻天际的咬牙声。
1,”她气得只差没拿起花剪拿他当靶心。,”她气得只差拿起花剪拿他当靶心。
1,如果不幸被他们的身子扫到手臂，更只差没拿起鬃刷子刷掉一层皮。,如果不幸被他们的身子扫到手臂，更只差拿起鬃刷子刷掉一层皮。
1,”嘴角只差没挂两滴口水。,”嘴角只差挂两滴口水。
1,“贺小姐菲出此言，‘飞鸿’有你坐阵，只差没挂个‘院长’的名牌在身上，我怎好和你抢生意呢？,“贺小姐菲出此言，‘飞鸿’有你坐阵，只差挂个‘院长’的名牌在身上，我怎好和你抢生意呢？
1,逃亡与猎捕的战争依然每日在上演，一次又一次的挫败加上对自己的怀疑和自责，欧阳陷入了痛苦的情绪低潮中，侍女、丫鬟一再劝说她柔顺安分，只差没挑明数说她“不识好歹”。,逃亡与猎捕的战争依然每日在上演，一次又一次的挫败加上对自己的怀疑和自责，欧阳陷入了痛苦的情绪低潮中，侍女、丫鬟一再劝说她柔顺安分，只差挑明数说她“不识好歹”。
1,”他窘的只差没挖个地洞钻进去。,”他窘的只差挖个地洞钻进去。
1,”孙束雅左右看了下，明白自己成了所有人视觉焦点后，只差没挖个洞把自己埋起来。,”孙束雅左右看了下，明白自己成了所有人视觉焦点后，只差挖个洞把自己埋起来。
1,打小到大，自动投怀送抱、大献殷勤的女人只差没挤破她家大门，即使后来移民到英国，情况仍是不变。,打小到大，自动投怀送抱、大献殷勤的女人只差挤破她家大门，即使后来移民到英国，情况仍是不变。
1,”禹立纲饶富趣味地挑起右眉，“不然你为什么一听到我要出家的消息就这么慌张失措、食不下咽、废寝忘食……只差没捉住我的大腿大喊！,”禹立纲饶富趣味地挑起右眉，“不然你为什么一听到我要出家的消息就这么慌张失措、食不下咽、废寝忘食……只差捉住我的大腿大喊！
1,这下冷冰心可紧张起来，她着急的推着尚婕，但任凭冷冰心怎么摇她、推她、叫她，只差没捏她、打她、踹她之外，她不动就是不动。,这下冷冰心可紧张起来，她着急的推着尚婕，但任凭冷冰心怎么摇她、推她、叫她，只差捏她、打她、踹她之外，她不动就是不动。
1,”南宫齐云笑得更夸张了，只差没捧着肚子在地上打滚。,”南宫齐云笑得更夸张了，只差捧着肚子在地上打滚。
1,袭人接过信，豹眼一扫，嘴角的笑意竟愈扩愈大，最后居然哈哈大笑，只差没捧腹。,袭人接过信，豹眼一扫，嘴角的笑意竟愈扩愈大，最后居然哈哈大笑，只差捧腹。
1,连在附近的烈日军团成员见状，都笑得只差没捧腹。,连在附近的烈日军团成员见状，都笑得只差捧腹。
1,”清扬叹气的模样只差没捶胸顿足。,”清扬叹气的模样只差捶胸顿足。
1,”薛兰儿又使了一个眼色，于是，如意又拿了一锭金元宝放在桌上，看得老鸨只差没捶胸顿足。,”薛兰儿又使了一个眼色，于是，如意又拿了一锭金元宝放在桌上，看得老鸨只差捶胸顿足。
1,各位，性是件非常神圣的事，我就从来不跟女人乱来……”笑声再一次如浪地在ＰＵＢ里翻腾，只差没掀了屋顶。,各位，性是件非常神圣的事，我就从来不跟女人乱来……”笑声再一次如浪地在ＰＵＢ里翻腾，只差掀了屋顶。
1,”丽莎满脸的倔强，水汪汪的眼睛里堆满泪水，只差没掉下来。,”丽莎满脸的倔强，水汪汪的眼睛里堆满泪水，只差掉下来。
1,”“不要、不要……”小冬拼命摇头，大大的眼睛里已经滚着泪水，只差没掉下来。,”“不要、不要……”小冬拼命摇头，大大的眼睛里已经滚着泪水，只差掉下来。
1,”说完眼眶已含满泪水，只差没掉下来。,”说完眼眶已含满泪水，只差掉下来。
1,像是受了天大的委曲似的，只差没掉下泪来，希望他别求错人才好。,像是受了天大的委曲似的，只差掉下泪来，希望他别求错人才好。
1,”她哭丧着脸，只差没掉下眼泪。,”她哭丧着脸，只差掉下眼泪。
1,倪小青追出来两三步，但却连话都来不急说小邪已不见了，怅然之下已梗咽倚抚舱头，直望即将逝丢的伊人倩影，愁肠寸断只差没掉下眼泪来。,倪小青追出来两三步，但却连话都来不急说小邪已不见了，怅然之下已梗咽倚抚舱头，直望即将逝丢的伊人倩影，愁肠寸断只差掉下眼泪来。
1,果不其然，几个面目猥琐的小流氓看见猎物出现在正前方，年轻鲜嫩得今人唾涎骨嘟嘟地直冒上口，眼珠子只差没掉出来。,果不其然，几个面目猥琐的小流氓看见猎物出现在正前方，年轻鲜嫩得今人唾涎骨嘟嘟地直冒上口，眼珠子只差掉出来。
1,”两颗眼珠子挂在李正鸣的脸上只差没掉出来，“我不相信！,”两颗眼珠子挂在李正鸣的脸上只差掉出来，“我不相信！
1,”江琉璃的下巴只差没掉到地上。,”江琉璃的下巴只差掉到地上。
1,”她只差没掉泪，演技好得教可茹自叹不如。,”她只差掉泪，演技好得教可茹自叹不如。
1,――”我阖了阖眼，只差没掉泪，语气赢弱的：“我们见死不救已够没人性，若连报警也不肯，只怕天也不容。,――”我阖了阖眼，只差掉泪，语气赢弱的：“我们见死不救已够没人性，若连报警也不肯，只怕天也不容。
1,“哈哈哈……”他笑得瘫在岩石上打跌，只差没掉进水里再洗一次澡。,“哈哈哈……”他笑得瘫在岩石上打跌，只差掉进水里再洗一次澡。
1,＂为了这句话，他己恨了自己许久，只差没掐死自己。,＂为了这句话，他己恨了自己许久，只差掐死自己。
1,想当年，跪在他西装裤下的女人只差没排到恳丁去，一天甩掉一卡车还有得剩。,想当年，跪在他西装裤下的女人只差排到恳丁去，一天甩掉一卡车还有得剩。
1,替副校长传情书给新来的副教授、到生物系寻找失踪的骷髅模型、在女生宿舍四十二号寝室的窗台下代唱情歌，林林总总、拉拉杂杂，只差没接下戏剧系临时演员的委托。,替副校长传情书给新来的副教授、到生物系寻找失踪的骷髅模型、在女生宿舍四十二号寝室的窗台下代唱情歌，林林总总、拉拉杂杂，只差接下戏剧系临时演员的委托。
1,”她眼中的坚决骇住了他，让他将她搂得更紧，只差没揉进骨子里。,”她眼中的坚决骇住了他，让他将她搂得更紧，只差揉进骨子里。
1,”任无恩只差没揍元祈一拳。,”任无恩只差揍元祈一拳。
1,”昆西只差没揍那老头一拳而已。,”昆西只差揍那老头一拳而已。
1,”眼见四个人即将入座，而她却被抛在最后头，守静的俏脸窜伏过青一阵、红一阵，只差没提把刀子砍了那对奸夫淫妇。,”眼见四个人即将入座，而她却被抛在最后头，守静的俏脸窜伏过青一阵、红一阵，只差提把刀子砍了那对奸夫淫妇。
1,”蓝咏薇凶巴巴地吼着，只差没揪住亚美的小翅膀痛揍一顿。,”蓝咏薇凶巴巴地吼着，只差揪住亚美的小翅膀痛揍一顿。
1,”叶父发觉家丑外扬，只差没揪住她的脖子以家法伺候。,”叶父发觉家丑外扬，只差揪住她的脖子以家法伺候。
1,”宗天一字一字由牙缝中挤出，只差没揪住范兆青的衣领。,”宗天一字一字由牙缝中挤出，只差揪住范兆青的衣领。
1,”那名家丁热切地为她开门，只差没揪着她往里头直冲咧，一进门就迫不及待扯嗓大喊：“宁儿回来啦！,”那名家丁热切地为她开门，只差揪着她往里头直冲咧，一进门就迫不及待扯嗓大喊：“宁儿回来啦！
1,”他只差没揪着段飞渝的领子审问。,”他只差揪着段飞渝的领子审问。
1,”他用力搓手，只差没搓出一团油来，目前他只巴望赶紧送走煞星，其余以后在打算。,”他用力搓手，只差搓出一团油来，目前他只巴望赶紧送走煞星，其余以后在打算。
1,手笔之大，让所有女同事羡慕得只差没胸顿足，感叹这样气派的男人为何看上的不是自己。,手笔之大，让所有女同事羡慕得只差胸顿足，感叹这样气派的男人为何看上的不是自己。
1,谁知道就这么倒霉，皇上在蘅妃的“储秀宫”里过夜，几十名乱臣贼子潜入开打，一时之间杀气漫天飞舞，塞阳一开始是冷眼旁观，热闹看得非常起劲，只差没搬张凳子坐下，但是后来看着看着，愈来愈不对，她亲姊姊正被人架刀挟持着！,谁知道就这么倒霉，皇上在蘅妃的“储秀宫”里过夜，几十名乱臣贼子潜入开打，一时之间杀气漫天飞舞，塞阳一开始是冷眼旁观，热闹看得非常起劲，只差搬张凳子坐下，但是后来看着看着，愈来愈不对，她亲姊姊正被人架刀挟持着！
1,”碧落撒娇地抚着两掌对他眨眨眼，馅媚得只差没摇尾巴。,”碧落撒娇地抚着两掌对他眨眨眼，馅媚得只差摇尾巴。
1,”男人的反应通常都会由故作的正经，慢慢转为好奇，等到他看清猎物――楚楚动人的薛晓阳或苏雨葵后，莫不双眼闪闪发亮，口水滴答响（只差没摇尾巴！,”男人的反应通常都会由故作的正经，慢慢转为好奇，等到他看清猎物――楚楚动人的薛晓阳或苏雨葵后，莫不双眼闪闪发亮，口水滴答响（只差摇尾巴！
1,北斗可怜兮兮地撇撇嘴，以无辜的眼神认错，只差没摇摇尾巴讨人同情。,北斗可怜兮兮地撇撇嘴，以无辜的眼神认错，只差摇摇尾巴讨人同情。
1,不一会儿，她把碗筷放回桌上，双手轻拍着肚子，一副酒足饭饱的满意样，只差没撑破肚皮。,不一会儿，她把碗筷放回桌上，双手轻拍着肚子，一副酒足饭饱的满意样，只差撑破肚皮。
1,”桑若辰夫妇就像绝地逢生般高兴，只差没放鞭炮庆祝。,”桑若辰夫妇就像绝地逢生般高兴，只差放鞭炮庆祝。
1,云中翔开心的闪亮着，他那犹如八月十五日月圆时的明亮双眼，只差没敞开双手来迎接这颗举世无双、天下第一、世界无敌的救星。,云中翔开心的闪亮着，他那犹如八月十五日月圆时的明亮双眼，只差敞开双手来迎接这颗举世无双、天下第一、世界无敌的救星。
1,过去一年，全球考古学界掘遍了中东半岛每一处可能的区域，只差没敲敲海珊的大门，请问他家的后院可不可以借挖几分钟，可惜，“精铜化文明”仍然只是传说。,过去一年，全球考古学界掘遍了中东半岛每一处可能的区域，只差敲敲海珊的大门，请问他家的后院可不可以借挖几分钟，可惜，“精铜化文明”仍然只是传说。
1,”索天权价响地召告世人，就只差没敲锣打鼓。,”索天权价响地召告世人，就只差敲锣打鼓。
1,”卫逸书满肚子火气，只差没整个人烧起来。,”卫逸书满肚子火气，只差整个人烧起来。
1,小护士觉得眼前的男人即使是一脸的不耐烦仍那么的俊美，她的表现就只差没整个人贴到方商律的身上。,小护士觉得眼前的男人即使是一脸的不耐烦仍那么的俊美，她的表现就只差整个人贴到方商律的身上。
1,”他一颗脑袋点得只差没断掉。,”他一颗脑袋点得只差断掉。
1,”纪兰倩只差没明显捧腹的动作来嘲弄。,”纪兰倩只差明显捧腹的动作来嘲弄。
1,”佟秋蕙只差没明讲：你这后来者，顶多排第三，算是小妾。,”佟秋蕙只差明讲：你这后来者，顶多排第三，算是小妾。
1,”他火大得只差没晕倒。,”他火大得只差晕倒。
1,”这是实话，寨主在看到他瞬间断人手指的剑法，又听到他自报姓名后，就只差没晕死在那里。,”这是实话，寨主在看到他瞬间断人手指的剑法，又听到他自报姓名后，就只差晕死在那里。
1,但，她记得自己明明没说什么，怎么他会火冒三丈、暴跳如雷，气得只差没晕死过去？,但，她记得自己明明没说什么，怎么他会火冒三丈、暴跳如雷，气得只差晕死过去？
1,”冷清夜只差没晕过去；难不成这小妮子是要她解释清楚吗？,”冷清夜只差晕过去；难不成这小妮子是要她解释清楚吗？
1,也亏她这种天气不伯冷，这点儿的兜肚与不穿衣服，只差没暴露羞耻的地方罢了。,也亏她这种天气不伯冷，这点儿的兜肚与不穿衣服，只差暴露羞耻的地方罢了。
1,他老大只差没替她们开关车门，好让自己更像个司机。,他老大只差替她们开关车门，好让自己更像个司机。
1,”东方磊，不可思议的，面孔霎时红得像关公，既想偷笑，又有些尴尬，但又非常地志得意满，犹如一只被灌足老酒的青蛙，只差没有“呱呱”叫了。,”东方磊，不可思议的，面孔霎时红得像关公，既想偷笑，又有些尴尬，但又非常地志得意满，犹如一只被灌足老酒的青蛙，只差“呱呱”叫了。
1,”雨涵只差没有“真正”的捧腹大笑，她的一个“借口”，他却十足当真！,”雨涵只差“真正”的捧腹大笑，她的一个“借口”，他却十足当真！
1,只差没有一匙羹一匙羹把饭喂到雪花口中。,只差一匙羹一匙羹把饭喂到雪花口中。
1,天外飞星的原主人马常，骤见彩石射向头家，吓得他一颗心吊到嘴巴边上，只差没有一口吐出来，若是他的招牌砸在他头家身上，那他也不用活了！,天外飞星的原主人马常，骤见彩石射向头家，吓得他一颗心吊到嘴巴边上，只差一口吐出来，若是他的招牌砸在他头家身上，那他也不用活了！
1,”想想，都已经出社会、见过世面的成熟大人，又哭又闹的，就只差没有一屁股坐在地板上踢脚……唉，莎莉也真的是太夸张了。,”想想，都已经出社会、见过世面的成熟大人，又哭又闹的，就只差一屁股坐在地板上踢脚……唉，莎莉也真的是太夸张了。
1,“呃……耿学长，我……”小脸更红了，此刻就只差没有一绦手绢可遮掩她的含羞模样。,“呃……耿学长，我……”小脸更红了，此刻就只差一绦手绢可遮掩她的含羞模样。
1,而后头，常莺莺气得只差没有七窍生烟。,而后头，常莺莺气得只差七窍生烟。
1,因为她和采眉也给惹得泪流满面，只差没有三个女人抱头痛哭。,因为她和采眉也给惹得泪流满面，只差三个女人抱头痛哭。
1,他摘掉手套，使劲地搓手，恨不能把皮搓掉，幸亏他的表皮像上过硝的俄罗斯皮件，只差没有上光和加进香料。,他摘掉手套，使劲地搓手，恨不能把皮搓掉，幸亏他的表皮像上过硝的俄罗斯皮件，只差上光和加进香料。
1,把新华书店那位写美术字的专家吓得只差没有下跪。,把新华书店那位写美术字的专家吓得只差下跪。
1,”孟空军求情，他点头哈腰，只差没有下跪了。,”孟空军求情，他点头哈腰，只差下跪了。
1,他相信芸生，他的妻子不会骗他，他把心都给了她，只差没有为她去死、为她摘下天上的月亮。,他相信芸生，他的妻子不会骗他，他把心都给了她，只差为她去死、为她摘下天上的月亮。
1,祖母看见我和庆生双双对对，她这才想起，我和庆生从小订了亲，就只差没有举行仪式，她老人家又喜欢热闹，便决定替我们开会餐舞会。,祖母看见我和庆生双双对对，她这才想起，我和庆生从小订了亲，就只差举行仪式，她老人家又喜欢热闹，便决定替我们开会餐舞会。
1,”看着大臣们只差没有争相夺门而出的模样，菲狄雅斯没好气地抬起了头，却迎上韦风若有所思的眼神。,”看着大臣们只差争相夺门而出的模样，菲狄雅斯没好气地抬起了头，却迎上韦风若有所思的眼神。
1,”风亚摊软在椅子上，雨柔也累得像狗一样跪在擦拭得干干净净、光滑的地板上，只差没有五体投地。,”风亚摊软在椅子上，雨柔也累得像狗一样跪在擦拭得干干净净、光滑的地板上，只差五体投地。
1,果真使对了方法，只差没有亲手杀死他了。,果真使对了方法，只差亲手杀死他了。
1,她总是早早就到公司，准备好香浓的热咖啡或是蛋土司，每天中午有不同的菜色可供选择，下午茶还有精致可口的点心与饮料，只差没有亲自帮每个人按摩酸疼的肩膀，或是晚餐宵夜一起打包好奉上。,她总是早早就到公司，准备好香浓的热咖啡或是蛋土司，每天中午有不同的菜色可供选择，下午茶还有精致可口的点心与饮料，只差亲自帮每个人按摩酸疼的肩膀，或是晚餐宵夜一起打包好奉上。
1,只差没有人去做庄吆喝着下注了。,只差人去做庄吆喝着下注了。
1,”她只差没有从床上跌下来，她杏眼固瞪。,”她只差从床上跌下来，她杏眼固瞪。
1,一个人居然修了那么多的东西，修道、修神还修魔，只差没有修佛了。,一个人居然修了那么多的东西，修道、修神还修魔，只差修佛了。
1,我们都睡在一起了，只差没有做爱而已。,我们都睡在一起了，只差做爱而已。
1,这份计划是他预计在明年寒假推出的度假方案，没想到筱若竟然把它给丢了，他当时只差没有全身虚脱，自己的成果就如此付诸东流。,这份计划是他预计在明年寒假推出的度假方案，没想到筱若竟然把它给丢了，他当时只差全身虚脱，自己的成果就如此付诸东流。
1,“‘忘情天书’所录的剑法，其实也是心法、身法、招法、技法……只差没有内功，这也是我们一直要等到你内力高深后，才授于你的主要原因。”温艳阳接着说话，这三人说话犹如音乐合奏一般，甚是好听。,“‘忘情天书’所录的剑法，其实也是心法、身法、招法、技法……只差内功，这也是我们一直要等到你内力高深后，才授于你的主要原因。”温艳阳接着说话，这三人说话犹如音乐合奏一般，甚是好听。
1,”封侵无说道，一面用手臂撞了撞巧巧，巧巧这才回过神来，笑逐颜开，高兴得只差没有冲上去抱住封夫人。,”封侵无说道，一面用手臂撞了撞巧巧，巧巧这才回过神来，笑逐颜开，高兴得只差冲上去抱住封夫人。
1,已经五天了，打从五天前韩晓月负气离开到现在，他几乎翻遍天波城每一寸土地，只差没有冲进兰陵王的皇宫寻找；所有其余能去的地力他都去了，连藏有鹄火的银佳山也去看过，却没有着到韩晓月的踪影，难道她真的离开，永远不再见自己了？,已经五天了，打从五天前韩晓月负气离开到现在，他几乎翻遍天波城每一寸土地，只差冲进兰陵王的皇宫寻找；所有其余能去的地力他都去了，连藏有鹄火的银佳山也去看过，却没有着到韩晓月的踪影，难道她真的离开，永远不再见自己了？
1,”辈剑精神一振，他本来早已想到，只差没有出口，对方这一提，他忆及“无后老人”曾说过当今之世，精通奇门之术的，仅“人皇”一人，而“剑冢”的唯一屏障，便是那墨石奇阵，如能指点破阵之法，事情也许水落石出，但他做性天生，求人斐剑智慧超人，当日暗把那石笋的方位，记了一个大概，闻言之下，心中窃喜看来不用相求，对方或会指示诀要。,”辈剑精神一振，他本来早已想到，只差出口，对方这一提，他忆及“无后老人”曾说过当今之世，精通奇门之术的，仅“人皇”一人，而“剑冢”的唯一屏障，便是那墨石奇阵，如能指点破阵之法，事情也许水落石出，但他做性天生，求人斐剑智慧超人，当日暗把那石笋的方位，记了一个大概，闻言之下，心中窃喜看来不用相求，对方或会指示诀要。
1,这是个人吃人的丛林世界，常夕汐不会明白；谨守在法律许可的正当工作环境，演的尔虞我诈也是相同的一出，只差没有刀枪血腥的画面出现而已。,这是个人吃人的丛林世界，常夕汐不会明白；谨守在法律许可的正当工作环境，演的尔虞我诈也是相同的一出，只差刀枪血腥的画面出现而已。
1,为了减肥，我什么花样都搞尽了：喝减肥茶啦、系减肥带啦，做气功啦，跑步啦，只差没有到医院里去抽板油。,为了减肥，我什么花样都搞尽了：喝减肥茶啦、系减肥带啦，做气功啦，跑步啦，只差到医院里去抽板油。
1,”一时之间，黑白两道竟为了此事闹得持戈相向，只差没有动手。,”一时之间，黑白两道竟为了此事闹得持戈相向，只差动手。
1,”支着额头休息的大君并不睁眼：“他们白天吵了一天，只差没有动手打起来，难道还不够么？,”支着额头休息的大君并不睁眼：“他们白天吵了一天，只差动手打起来，难道还不够么？
1,三毛每年一到圣诞节前，她就会把辛苦存了一年的铜板都从扑满里倒出来，用干净毛巾先擦亮，数清楚，再用白纸一包一包像银行一样扎起来，只差没有去亲吻膜拜它。,三毛每年一到圣诞节前，她就会把辛苦存了一年的铜板都从扑满里倒出来，用干净毛巾先擦亮，数清楚，再用白纸一包一包像银行一样扎起来，只差去亲吻膜拜它。
1,他咬牙切齿的声音直让凯莉感到背脊一阵沁凉，只差没有发出尖叫的声音，她不断的颤抖着……“我……我……”一时之间，她竟解释不来这出荒腔走板的剧情。,他咬牙切齿的声音直让凯莉感到背脊一阵沁凉，只差发出尖叫的声音，她不断的颤抖着……“我……我……”一时之间，她竟解释不来这出荒腔走板的剧情。
1,而她也像猫儿一般，依恋的闭上眼摩裟他的手，只差没有发出满足的咕噜声。,而她也像猫儿一般，依恋的闭上眼摩裟他的手，只差发出满足的咕噜声。
1,尤其是陈董，他只差没当场做出拭口水的动作，而张董只差没有发出狼嚎。,尤其是陈董，他只差没当场做出拭口水的动作，而张董只差发出狼嚎。
1,”吴戒恶虽猜不透白鹤是什么意思，但也料到是与自己拜师之事有关，此乃关系自身前途，和报仇雪恨的大事，自然没口价答应，诚挚之情，现于词色，只差没有发誓而已，白鹤倒笑了。,”吴戒恶虽猜不透白鹤是什么意思，但也料到是与自己拜师之事有关，此乃关系自身前途，和报仇雪恨的大事，自然没口价答应，诚挚之情，现于词色，只差发誓而已，白鹤倒笑了。
1,赵阙看着同手同脚，只差没有变成木头人儿的老侍臣一反常态的模样，再低头看着自己的手放在什么地方，然后再看看被弄得面目狼狈的冷少傅，立刻就猜出了福公公心中的想法，不觉放声大笑。,赵阙看着同手同脚，只差变成木头人儿的老侍臣一反常态的模样，再低头看着自己的手放在什么地方，然后再看看被弄得面目狼狈的冷少傅，立刻就猜出了福公公心中的想法，不觉放声大笑。
1,我看他只会愈来愈颓废，只差没有变成行尸走肉罢了。,我看他只会愈来愈颓废，只差变成行尸走肉罢了。
1,”筱若双手抱胸，气愤的在志岁的面前走来走去，从吃早餐时所发生的一切，到他在她踏出戚家大门口时强迫她上车，到最后，他硬是拉着她到饭店总统套房，这一连串的事情，想当然耳，她现在是气得只差没有吐血了。,”筱若双手抱胸，气愤的在志岁的面前走来走去，从吃早餐时所发生的一切，到他在她踏出戚家大门口时强迫她上车，到最后，他硬是拉着她到饭店总统套房，这一连串的事情，想当然耳，她现在是气得只差吐血了。
1,在官火儿躺在病床上的这几日，官昕云瞒着她开始自信满满地准备起婚礼事宜，只差没有向她求亲而已，想不到她居然跑了。,在官火儿躺在病床上的这几日，官昕云瞒着她开始自信满满地准备起婚礼事宜，只差向她求亲而已，想不到她居然跑了。
1,他们的爷儿英挺俊拔、人品超卓，也极少发怒，对下属更是较之一般的爷儿宽待许多：但是爷儿带回来的梦云姑娘不见了，爷儿竟然怒极攻心，做奴才的他们自然明白此事大为不妙，所以个个苍白着脸，只差没有吓得嚎啕大哭。,他们的爷儿英挺俊拔、人品超卓，也极少发怒，对下属更是较之一般的爷儿宽待许多：但是爷儿带回来的梦云姑娘不见了，爷儿竟然怒极攻心，做奴才的他们自然明白此事大为不妙，所以个个苍白着脸，只差吓得嚎啕大哭。
1,”丁仪安只差没有吼叫呐喊，但整颗心都在滴血。,”丁仪安只差吼叫呐喊，但整颗心都在滴血。
1,她不知道是自己骂得太过份，还是他真的有这么虚，刚刚明明一副生龙活虎的他，这会却显得不堪一击，只差没有呻吟起来的忍耐状，好像他真的很痛苦。,她不知道是自己骂得太过份，还是他真的有这么虚，刚刚明明一副生龙活虎的他，这会却显得不堪一击，只差呻吟起来的忍耐状，好像他真的很痛苦。
1,”看蔡芳仪一脸苦瓜相，只差没有呼天喊地的哀号，凝语也开始有些担心。,”看蔡芳仪一脸苦瓜相，只差呼天喊地的哀号，凝语也开始有些担心。
1,”看蔡芳仪一脸苦瓜相，只差没有呼天喊地的哀号，凝语也开始有些担心。,”看蔡芳仪一脸苦瓜相，只差呼天喊地的哀号，凝语也开始有些担心。
1,”他斥道，可是他只差没有咧嘴笑出来。,”他斥道，可是他只差咧嘴笑出来。
1,”她可怜兮兮地说道，只差没有哀求他。,”她可怜兮兮地说道，只差哀求他。
1,”她的口气慌得只差没有哭出来。,”她的口气慌得只差哭出来。
1,当时，我对着那么多邮件，只差没有哭出来。,当时，我对着那么多邮件，只差哭出来。
1,”那些官兵被项羽和徐靖打得已是皆都鼻青脸肿，只差没有哭爹喊娘，闻言哪还有得什么勇气斗志恋战？,”那些官兵被项羽和徐靖打得已是皆都鼻青脸肿，只差哭爹喊娘，闻言哪还有得什么勇气斗志恋战？
1,和煦的微风吹扬她的长发，冷清夜轻笑着骑车回家，心情愉快得只差没有哼哼歌来助兴了。,和煦的微风吹扬她的长发，冷清夜轻笑着骑车回家，心情愉快得只差哼哼歌来助兴了。
1,闭着眼睛的唐僧，心很慌；意很乱，只差没有喊叫。,闭着眼睛的唐僧，心很慌；意很乱，只差喊叫。
1,但是她没有焦掉，还心花怒放，她太喜欢被当成众目的焦点了，也大贪恋身为名人的各种“表演”，且看她一会儿向人挥挥手、点点头，一下子微微笑，甚至来个“姿势一百”的飞吻，只差没有喜极而泣的盈眶热泪，要不然她更像刚当选第一名、要绕场一周的选美小姐了。,但是她没有焦掉，还心花怒放，她太喜欢被当成众目的焦点了，也大贪恋身为名人的各种“表演”，且看她一会儿向人挥挥手、点点头，一下子微微笑，甚至来个“姿势一百”的飞吻，只差喜极而泣的盈眶热泪，要不然她更像刚当选第一名、要绕场一周的选美小姐了。
1,但――只差没有圆房，所有丈夫该得的全给他先得了去，她应该感到羞耻不已才是……但她没有！,但――只差圆房，所有丈夫该得的全给他先得了去，她应该感到羞耻不已才是……但她没有！
1,而且她不止是将厨房搬到他家而已，她也几乎像是搬来这里住一般，只差没有在这里睡觉而已。,而且她不止是将厨房搬到他家而已，她也几乎像是搬来这里住一般，只差在这里睡觉而已。
1,他们常好心的提醒我，小说应该反映现实，而不该流于不切实际，要我想想当今社会居高不下、甚至节节升高的离婚率，再看看现代社会复杂而随便的两性关系；他们只差没有坦白的告诉我：你太落伍啦！,他们常好心的提醒我，小说应该反映现实，而不该流于不切实际，要我想想当今社会居高不下、甚至节节升高的离婚率，再看看现代社会复杂而随便的两性关系；他们只差坦白的告诉我：你太落伍啦！
1,可是当罗开站起身来望向她的时候，她却摆出了那么撩人的一个姿势，只差没有大叫“快进入我的身体”；可知她的内心深处，实在并不愿意实现她对丈夫的承诺！,可是当罗开站起身来望向她的时候，她却摆出了那么撩人的一个姿势，只差大叫“快进入我的身体”；可知她的内心深处，实在并不愿意实现她对丈夫的承诺！
1,”她用力咬着唇，只差没有大声喊叫，平时的冷静早就烟消云散。,”她用力咬着唇，只差大声喊叫，平时的冷静早就烟消云散。
1,电话一搁，我和在一旁静听的谭Ａ弦都兴奋得无以言表，只差没有大声地欢呼胜利了。,电话一搁，我和在一旁静听的谭Ａ弦都兴奋得无以言表，只差大声地欢呼胜利了。
1,她就只差没有大声狂叫：我快吐了！,她就只差大声狂叫：我快吐了！
1,”辩到这里，原本对于桑迎桐的作法，只差没有大肆加以诛讨的人，态度终于稍微软化，却也仍然不肯就此罢休。,”辩到这里，原本对于桑迎桐的作法，只差大肆加以诛讨的人，态度终于稍微软化，却也仍然不肯就此罢休。
1,我们大家真是欢欣鼓舞，只差没有奔走相告了。,我们大家真是欢欣鼓舞，只差奔走相告了。
1,早上，韩湄整理她在山坡地上开辟的菜园，齐维则去帮隔壁牧场的人放牧；午后，韩湄和齐维一起上课，他们教学进度快得惊人，目前的齐维已经拥有企管硕士的资格，韩湄几乎将所有掌管孟氏企业的必备知识全教给他，现在就只差没有实地模拟。,早上，韩湄整理她在山坡地上开辟的菜园，齐维则去帮隔壁牧场的人放牧；午后，韩湄和齐维一起上课，他们教学进度快得惊人，目前的齐维已经拥有企管硕士的资格，韩湄几乎将所有掌管孟氏企业的必备知识全教给他，现在就只差实地模拟。
1,这个志愿在旁人眼中或许无稽，对她而言可是一项排遣生活压力的乐事，一向爱看武侠小说的她只差没有对着明月歃血立誓！,这个志愿在旁人眼中或许无稽，对她而言可是一项排遣生活压力的乐事，一向爱看武侠小说的她只差对着明月歃血立誓！
1,他咬着牙，只差没有对着满空的星辰流泪。,他咬着牙，只差对着满空的星辰流泪。
1,今天一早都如临大敌般，将房子上上下下重新整理了一次，只差没有将外墙重新贴过。,今天一早都如临大敌般，将房子上上下下重新整理了一次，只差将外墙重新贴过。
1,”他轻松的回答，发现她只差没有将高跟鞋钉在石板上。,”他轻松的回答，发现她只差将高跟鞋钉在石板上。
1,”所有的人吓到脸色发自，救只差没有尿裤子。,”所有的人吓到脸色发自，救只差尿裤子。
1,那汉子整个人伏在地上，衣衫尽湿，浑身别别颤抖，只差没有屎尿齐流。,那汉子整个人伏在地上，衣衫尽湿，浑身别别颤抖，只差屎尿齐流。
1,”“你对朋友的定义就是亲也亲过了，抱也抱过了，然后只差没有干那件事而已？,”“你对朋友的定义就是亲也亲过了，抱也抱过了，然后只差干那件事而已？
1,例如眼前那个花了数个小时想引起他注意的空中小姐──诱惑的笑容、若有似无的触摸、撤诉邀请的眼神……这个美人胚子只差没有开口撤诉邀他进空姐舱房。,例如眼前那个花了数个小时想引起他注意的空中小姐──诱惑的笑容、若有似无的触摸、撤诉邀请的眼神……这个美人胚子只差开口撤诉邀他进空姐舱房。
1,前一次在毡棚内，你只差没有开口求我。,前一次在毡棚内，你只差开口求我。
1,”产婆蹙起眉头，第一次看到这么不听话的丈夫，她只差没有开口骂仇烈在雁归楼里碍手碍脚。,”产婆蹙起眉头，第一次看到这么不听话的丈夫，她只差开口骂仇烈在雁归楼里碍手碍脚。
1,她把那些红鞋子取出，轮流地穿，换了发型，添了新装，只差没有开始新的约会。,她把那些红鞋子取出，轮流地穿，换了发型，添了新装，只差开始新的约会。
1,云岁寒，你只差没有开张支票叫我滚蛋，你这个没良心的究竟把我当成了什么？,云岁寒，你只差开张支票叫我滚蛋，你这个没良心的究竟把我当成了什么？
1,余孟华在心里拼命地调咒着罗臣斌，对于他的不信任，她非常的生气，只差没有当场使用暴力把他打一顿。,余孟华在心里拼命地调咒着罗臣斌，对于他的不信任，她非常的生气，只差当场使用暴力把他打一顿。
1,冷清夜只差没有当场尖叫出声，“你家？,冷清夜只差当场尖叫出声，“你家？
1,程以帆只差没有当场尖叫出来。,程以帆只差当场尖叫出来。
1,他只差没有当场尿湿裤子，哪里还说得出什么话来？,他只差当场尿湿裤子，哪里还说得出什么话来？
1,”那人一听得白素如此说，立时现出了一副感激涕零的情绪来，只差没有当场感动得号陶大哭，他除了一叠声说“是”之外，还不住点著头：“可不是吗，徵求者向全世界发话，言下之意，是说若昔年的金取帮还在，他们就不必大费周章。,”那人一听得白素如此说，立时现出了一副感激涕零的情绪来，只差当场感动得号陶大哭，他除了一叠声说“是”之外，还不住点著头：“可不是吗，徵求者向全世界发话，言下之意，是说若昔年的金取帮还在，他们就不必大费周章。
1,雾霜只差没有当场掴他一耳光，她慧黠一笑。,雾霜只差当场掴他一耳光，她慧黠一笑。
1,黑夜瞳还是摇头，白丽花只差没有当场撞墙！,黑夜瞳还是摇头，白丽花只差当场撞墙！
1,那晚宴如此不堪，生平第一次，我与一桌坐台小姐，陪同一批典型台北新兴的暴发户，饮酒作乐恣意调笑只差没有当场欢爱。,那晚宴如此不堪，生平第一次，我与一桌坐台小姐，陪同一批典型台北新兴的暴发户，饮酒作乐恣意调笑只差当场欢爱。
1,不一会儿工夫，一道道色香味俱全的菜肴纷纷上桌，醺得几个早唱了好些时候的空城计的好伙伴们，只差没有当场流口水。,不一会儿工夫，一道道色香味俱全的菜肴纷纷上桌，醺得几个早唱了好些时候的空城计的好伙伴们，只差当场流口水。
1,他这么真诚地对待她，只差没有当真剖开心给她瞧个仔细罢了。,他这么真诚地对待她，只差当真剖开心给她瞧个仔细罢了。
1,“得啦，”当丈夫拉上了临街的门，只剩下她一个人时，波那瑟太太自言自语道，“这混蛋只差没有当红衣主教的爪牙了！,“得啦，”当丈夫拉上了临街的门，只剩下她一个人时，波那瑟太太自言自语道，“这混蛋只差当红衣主教的爪牙了！
1,”朱妍妍只差没有感激涕零。,”朱妍妍只差感激涕零。
1,情况和九眺先生一样的是董仲萱，他和五师妹许瑞仙，名虽师兄妹，实则是两心相印，两情相悦，只差没有成礼，如今一个神志被迷，一味的挥剑猛攻，一个只好处处化解，不好还手。,情况和九眺先生一样的是董仲萱，他和五师妹许瑞仙，名虽师兄妹，实则是两心相印，两情相悦，只差成礼，如今一个神志被迷，一味的挥剑猛攻，一个只好处处化解，不好还手。
1,章家的陪送，只差没有房子，其它一切都应有尽有。,章家的陪送，只差房子，其它一切都应有尽有。
1,他们唱得很卖力，还用脚打着拍子，只差没有手里抱着吉他跳舞，妻子说：“这么小，情歌唱得这么好，长大怎么得了？,他们唱得很卖力，还用脚打着拍子，只差手里抱着吉他跳舞，妻子说：“这么小，情歌唱得这么好，长大怎么得了？
1,”她对巨人挥舞着粉拳绣腿，只差没有扑到他背上去捶他。,”她对巨人挥舞着粉拳绣腿，只差扑到他背上去捶他。
1,他的恨意是那样深、那样沉，只差没有扑过来一刀抹向他的脖子，给过世的亲人们抵命。,他的恨意是那样深、那样沉，只差扑过来一刀抹向他的脖子，给过世的亲人们抵命。
1,纪娥媚瘫在沙发上，双手放在肚子上，一副非常酒足饭饱的模样，只差没有打嗝而已；他做的东西真是没话说！,纪娥媚瘫在沙发上，双手放在肚子上，一副非常酒足饭饱的模样，只差打嗝而已；他做的东西真是没话说！
1,”面对着财主，程荣祥只差没有打躬作揖。,”面对着财主，程荣祥只差打躬作揖。
1,”他将心底的顾虑说出，只差没有承认他的吃味及不安。,”他将心底的顾虑说出，只差承认他的吃味及不安。
1,一直想表现得自己很了解你，因而常常有意无意逼你接受我做你的聆听者，只差没有把“你有甚么烦恼便要说出来”这句话讲出口，但我偷看你的一眼，我还是知道你一定察觉到了，更即时感到我的压逼感。,一直想表现得自己很了解你，因而常常有意无意逼你接受我做你的聆听者，只差把“你有甚么烦恼便要说出来”这句话讲出口，但我偷看你的一眼，我还是知道你一定察觉到了，更即时感到我的压逼感。
1,教务长的弟弟尤其殷切，只差没有把医生请来教室为她诊病。,教务长的弟弟尤其殷切，只差把医生请来教室为她诊病。
1,找寻，找寻，找寻……疯狂的找寻，只差没有把地球翻一个面，但是，茫茫人海，伊人何处？,找寻，找寻，找寻……疯狂的找寻，只差把地球翻一个面，但是，茫茫人海，伊人何处？
1,自己就只差没有把夕的衣服全剥掉而已耶！,自己就只差把夕的衣服全剥掉而已耶！
1,”陈小凤道：“找过，只差没有把整个的大巴山翻了过来，就是不见大哥的影子。,”陈小凤道：“找过，只差把整个的大巴山翻了过来，就是不见大哥的影子。
1,”我笑了起来：“只差没有把整艘船翻过来了！,”我笑了起来：“只差把整艘船翻过来了！
1,普罗汀就只差没有把柏拉图说成人类的救星。,普罗汀就只差把柏拉图说成人类的救星。
1,”他只差没有把自己的性命也列入其中，他是这么急着想取悦她。,”他只差把自己的性命也列入其中，他是这么急着想取悦她。
1,所有的血液瞬时冲向脑门，她只差没有抖掉手中的筷子。,所有的血液瞬时冲向脑门，她只差抖掉手中的筷子。
1,的确是，好到只差没有拆了他的骨头。,的确是，好到只差拆了他的骨头。
1,豪格根本不必担心他会逃走，因为他只剩下一口气在苟延残喘，他是真的恨他入骨，只差没有拆解他的筋骨，吸吮他的鲜血了。,豪格根本不必担心他会逃走，因为他只剩下一口气在苟延残喘，他是真的恨他入骨，只差拆解他的筋骨，吸吮他的鲜血了。
1,在场的人皆趣味盎然，大家都希望能玉成好事，只差没有拍手赞成了。,在场的人皆趣味盎然，大家都希望能玉成好事，只差拍手赞成了。
1,”朱水恋豪气万千的应允，只差没有拍胸脯来壮声势了。,”朱水恋豪气万千的应允，只差拍胸脯来壮声势了。
1,”康元智被她威吓得整个人都靠在椅背上，只差没有拔腿逃开而已。,”康元智被她威吓得整个人都靠在椅背上，只差拔腿逃开而已。
1,他们认识一段时间了，相处也有如夫妻，只差没有拜堂成亲这道程序，但她却很少在他面前撒娇，或是跟他说一些亲密的话。,他们认识一段时间了，相处也有如夫妻，只差拜堂成亲这道程序，但她却很少在他面前撒娇，或是跟他说一些亲密的话。
1,于是，更改了几个字，使之平仄相谐，关肃霜当场一试，果然音已绕梁，高兴得跳起来，只差没有拥抱李广平。,于是，更改了几个字，使之平仄相谐，关肃霜当场一试，果然音已绕梁，高兴得跳起来，只差拥抱李广平。
1,她啊，只差没有拿把刀架在你脖子上迫你说出她姊姊的下落，我看你还是尽快说出来，省得夜长梦多！,她啊，只差拿把刀架在你脖子上迫你说出她姊姊的下落，我看你还是尽快说出来，省得夜长梦多！
1,”为了此事，外婆气疯了，现在就只差没有拿起剑来一刀劈死威慕翔，不过照这种情形，也快了……荻兰轻叹一口气，将针放好，站起来伸个懒腰后才转身面对荻莲，她先摸摸这个妹妹的头，才走到窗前，望向主厅。,”为了此事，外婆气疯了，现在就只差拿起剑来一刀劈死威慕翔，不过照这种情形，也快了……荻兰轻叹一口气，将针放好，站起来伸个懒腰后才转身面对荻莲，她先摸摸这个妹妹的头，才走到窗前，望向主厅。
1,吃过中饭，打道回小套房，意外地见到一尊门神杵在大楼门口，迎着呼呼北风，一张脸也顺势冻成寒霜，只差没有挂两管结冰的鼻涕来壮大其效果。,吃过中饭，打道回小套房，意外地见到一尊门神杵在大楼门口，迎着呼呼北风，一张脸也顺势冻成寒霜，只差挂两管结冰的鼻涕来壮大其效果。
1,这一年的秋天，有位副总理，没有去石狮，竟然在远离石狮200多公里的福州，武断地说：“石狮只差没有挂国民党旗，那里的资本主义全面复辟了。,这一年的秋天，有位副总理，没有去石狮，竟然在远离石狮200多公里的福州，武断地说：“石狮只差挂国民党旗，那里的资本主义全面复辟了。
1,他这些话分明是意有所指，只差没有指名道姓而已。,他这些话分明是意有所指，只差指名道姓而已。
1,他这些话分明是意有所指，只差没有指名道姓而已。,他这些话分明是意有所指，只差指名道姓而已。
1,”向以农只差没有指天立誓，以“这么说你是决定放弃“战利品”？,”向以农只差指天立誓，以“这么说你是决定放弃“战利品”？
1,”皇甫觉满口答应下来，只差没有指着老天发誓。,”皇甫觉满口答应下来，只差指着老天发誓。
1,旁敲侧语，只差没有指着雷霆的鼻子叫他死心，他却风雨无阻地开始接送韩冰晶上下班，而且越做越起劲。,旁敲侧语，只差指着雷霆的鼻子叫他死心，他却风雨无阻地开始接送韩冰晶上下班，而且越做越起劲。
1,冷家其余成员尴尬得只差没有挖了地洞躲起来，这种女儿怎么好意思教人家接收？,冷家其余成员尴尬得只差挖了地洞躲起来，这种女儿怎么好意思教人家接收？
1,”一个船员走到他身边，发现船长正愁眉苦脸，只差没有掉眼泪。,”一个船员走到他身边，发现船长正愁眉苦脸，只差掉眼泪。
1,”他激动地说，只差没有掏心剖肺了。,”他激动地说，只差掏心剖肺了。
1,在这段期间，满感谢一些朋友，虽然从当初的鼓励打气，到最后变成冷嘲热讽，只差没有提脚踹踹动作慢得像龟的凌玉，不过我还是能感受到你们“热烈”的关怀。,在这段期间，满感谢一些朋友，虽然从当初的鼓励打气，到最后变成冷嘲热讽，只差提脚踹踹动作慢得像龟的凌玉，不过我还是能感受到你们“热烈”的关怀。
1,男机器人显然没料到她会轻易改变主意，立即变得兴高采烈，围着她转来转去，盯着她的嘴巴傻笑，只差没有摇尾巴了。,男机器人显然没料到她会轻易改变主意，立即变得兴高采烈，围着她转来转去，盯着她的嘴巴傻笑，只差摇尾巴了。
1,梅雨站在一旁倾听两人的对话，只差没有放声大笑。,梅雨站在一旁倾听两人的对话，只差放声大笑。
1,就只差没有放那首各种晚会上必放的《今宵多珍重》，泪水依依惜别了。,就只差放那首各种晚会上必放的《今宵多珍重》，泪水依依惜别了。
1,其他人则是高兴得像在过年，只差没有放鞭炮而已。,其他人则是高兴得像在过年，只差放鞭炮而已。
1,在中午正式宣告后，全宅上下只差没有放鞭炮，怕动了三少奶奶宝贵的胎气。,在中午正式宣告后，全宅上下只差放鞭炮，怕动了三少奶奶宝贵的胎气。
1,他彻底瞧不起她，认为她没思想、没见地，跟不上时代的潮流，所以话中句句带贬，只差没有明言她配不上他了。,他彻底瞧不起她，认为她没思想、没见地，跟不上时代的潮流，所以话中句句带贬，只差明言她配不上他了。
1,他们打捞了整个下午，还是找不到他…很有可能被海浪卷走了……”她只差没有昏厥过去。,他们打捞了整个下午，还是找不到他…很有可能被海浪卷走了……”她只差昏厥过去。
1,为了找寻她，他不知用了多少方法，只差没有昭告天下而已。,为了找寻她，他不知用了多少方法，只差昭告天下而已。
1,”面对他的霸道，冷清夜只差没有晕过去；他竟然以为她期待的是婚礼！,”面对他的霸道，冷清夜只差晕过去；他竟然以为她期待的是婚礼！
1,”打从一接起电话，帕特利克的声音就是这么愤怒又暴躁，只差没有歇斯底里了。,”打从一接起电话，帕特利克的声音就是这么愤怒又暴躁，只差歇斯底里了。
1,它仿佛已经年老力衰，只差没有死掉。,它仿佛已经年老力衰，只差死掉。
1,”向以农一听，只差没有气昏。,”向以农一听，只差气昏。
1,”他们俩不由得同声呼嘘，互道同病相怜的心情，只差没有泪眼相对，否则就更像两名深闺怨妇互吐苦水。,”他们俩不由得同声呼嘘，互道同病相怜的心情，只差泪眼相对，否则就更像两名深闺怨妇互吐苦水。
1,宽大的毛巾虽然遮住她大部分的身子，但是暴露在毛巾之外的绝美肌肤，以及修长的双腿就足以让对方看到双眼发直，只差没有流下口水。,宽大的毛巾虽然遮住她大部分的身子，但是暴露在毛巾之外的绝美肌肤，以及修长的双腿就足以让对方看到双眼发直，只差流下口水。
1,※※※来到任家后，他放她在餐厅的椅子上，一望见那满桌的丰盛料理，她的口水只差没有流下来。,※※※来到任家后，他放她在餐厅的椅子上，一望见那满桌的丰盛料理，她的口水只差流下来。
1,地面上的众人一见，不由吃惊的瞪大眼，更像离水的鱼般，张大着口，只差没有流口水的呆望着飘落的小夭。,地面上的众人一见，不由吃惊的瞪大眼，更像离水的鱼般，张大着口，只差流口水的呆望着飘落的小夭。
1,在她的印象中，除非必要，官介珩是很少喝酒的，更甭提喝得满身酒臭，只差没有烂醉如泥。,在她的印象中，除非必要，官介珩是很少喝酒的，更甭提喝得满身酒臭，只差烂醉如泥。
1,眼看这个小子如此气定神闲，只差没有焚香操琴而已，原本一肚子怒火的丁允辰不禁犹豫了一下，没有立刻破口大骂。,眼看这个小子如此气定神闲，只差焚香操琴而已，原本一肚子怒火的丁允辰不禁犹豫了一下，没有立刻破口大骂。
1,”却低声吩咐了陈日月几句话，陈剑童便迳自到道旁一家什么蛋都卖（只差没有王八蛋）的摊店，买了几只茶叶圆蛋回来，分予大家吃。,”却低声吩咐了陈日月几句话，陈剑童便迳自到道旁一家什么蛋都卖（只差王八蛋）的摊店，买了几只茶叶圆蛋回来，分予大家吃。
1,”他只差没有现成的惊堂木让他拍打了，活似在问案。,”他只差现成的惊堂木让他拍打了，活似在问案。
1,关京阳从小由朱妈带大，小时候他吃过朱妈的奶，家里不顺那几年，又是朱妈把他带到了山东海城，朱妈带他带得珍贵，只差没有珍珠似的含在口里了。,关京阳从小由朱妈带大，小时候他吃过朱妈的奶，家里不顺那几年，又是朱妈把他带到了山东海城，朱妈带他带得珍贵，只差珍珠似的含在口里了。
1,简直像个暴发户的姨太太，就只差没有珠光宝气。,简直像个暴发户的姨太太，就只差珠光宝气。
1,”江井溏小声的惊叹着，怕一个不小心的发出高扬的舌调，会打破了这幕如幻似真的景象，“只差没有瓢起更浓的轻雾，要不，那味道更棒了。,”江井溏小声的惊叹着，怕一个不小心的发出高扬的舌调，会打破了这幕如幻似真的景象，“只差瓢起更浓的轻雾，要不，那味道更棒了。
1,他们忙碌得有如相交的战场，只差没有用力的嘶吼。,他们忙碌得有如相交的战场，只差用力的嘶吼。
1,维薇想着，然后把身上的花环花饰全部扯下，只差没有用力踩碎它们。,维薇想着，然后把身上的花环花饰全部扯下，只差用力踩碎它们。
1,”她只差没有用爬的了，抱着背包往后退，眼见双腿快被抓住，她连忙踹开脚上的布鞋。,”她只差用爬的了，抱着背包往后退，眼见双腿快被抓住，她连忙踹开脚上的布鞋。
1,男子虽然肥大，却是贼头贼脑的，一脸讨厌相，一双老鼠也似的小眼睛把王绝之从头打量到脚，只差没有用鼻子嗅一遍。,男子虽然肥大，却是贼头贼脑的，一脸讨厌相，一双老鼠也似的小眼睛把王绝之从头打量到脚，只差用鼻子嗅一遍。
1,翻著星座配对的书，没有一本说射手座和处女座是合的来的星座，书上只差没有用＂赶快分手＂来描述彼此间的不合。,翻著星座配对的书，没有一本说射手座和处女座是合的来的星座，书上只差用＂赶快分手＂来描述彼此间的不合。
1,他告诉了成千上万的读者有关我的种种，只差没有画上详图，以一个大『?』记号，标示出我在纽?良的长眠地点。,他告诉了成千上万的读者有关我的种种，只差画上详图，以一个大『?』记号，标示出我在纽?良的长眠地点。
1,”德斯拿下耳机，一脸的感动莫名，就只差没有痛哭流涕、捶胸顿足了。,”德斯拿下耳机，一脸的感动莫名，就只差痛哭流涕、捶胸顿足了。
1,这三个月来，一直没有儿子的消息，而周宗樊也用尽各种方法找他了，只差没有登寻人启事。,这三个月来，一直没有儿子的消息，而周宗樊也用尽各种方法找他了，只差登寻人启事。
1,”“只差没有登报召告天下。,”“只差登报召告天下。
1,如果他没误解陈经理的意思，她摆明了就是要蓝冷月接替她的位置，光看她对另一个候选人的评价――勉强算是好员工，做事不算太马虎……这种差距这么大的评估报告，只差没有白纸黑字写上“企画部经理就是蓝冷月”几个大字。,如果他没误解陈经理的意思，她摆明了就是要蓝冷月接替她的位置，光看她对另一个候选人的评价――勉强算是好员工，做事不算太马虎……这种差距这么大的评估报告，只差白纸黑字写上“企画部经理就是蓝冷月”几个大字。
1,州府郡守等地方官，虽由朝廷管辖任免，却也归节度使节制，对于地方官，节度使只差没有直接任派，却有权去免，方镇认为那个地方官不合意，无须申述理由，一个手谕就可以叫他滚蛋，然后再通知吏部另行选派。,州府郡守等地方官，虽由朝廷管辖任免，却也归节度使节制，对于地方官，节度使只差直接任派，却有权去免，方镇认为那个地方官不合意，无须申述理由，一个手谕就可以叫他滚蛋，然后再通知吏部另行选派。
1,”商继羽只差没有直接对他说“笨蛋”。,”商继羽只差直接对他说“笨蛋”。
1,”张玉朗道：“我相信不会的，我要惩诫一个人时，必是事先多方求证了，只差没有直接的人证或物证，就像杨大年这件强占人产的事件，如果不是我们来上这一手，他肯承认吗？,”张玉朗道：“我相信不会的，我要惩诫一个人时，必是事先多方求证了，只差直接的人证或物证，就像杨大年这件强占人产的事件，如果不是我们来上这一手，他肯承认吗？
1,只差没有破门而入了。,只差破门而入了。
1,于是，让・马克用胳膊肘猛击那个人，只差没有砸落他的相机了。,于是，让・马克用胳膊肘猛击那个人，只差砸落他的相机了。
1,克俭受不了他的撩拨，死活要央他说出来，只差没有磕头下跪了。,克俭受不了他的撩拨，死活要央他说出来，只差磕头下跪了。
1,“只差没有穿少数民族服装了，就像政协会议一样。,“只差穿少数民族服装了，就像政协会议一样。
1,她本是极顶伶俐之人，心中默默暗记，早已领悟了一半，再经毕玉麟点拨教导，不到半个时辰，已完全学会，只差没有练得纯熟自如而已。,她本是极顶伶俐之人，心中默默暗记，早已领悟了一半，再经毕玉麟点拨教导，不到半个时辰，已完全学会，只差练得纯熟自如而已。
1,”戈白答道：“当然冷，这些水是初化的雪水，当冰雪一融，立刻就会渗下来，就只差没有结冰而已。,”戈白答道：“当然冷，这些水是初化的雪水，当冰雪一融，立刻就会渗下来，就只差结冰而已。
1,作了若干年田，一把鸡似的细骨头，只差没有给牛拖烂，后来被镇上一个寡妇熬怜，寡妇是几代贫农，抵消了他的一部分罪恶，使他有了吃粉笔灰的资格。,作了若干年田，一把鸡似的细骨头，只差给牛拖烂，后来被镇上一个寡妇熬怜，寡妇是几代贫农，抵消了他的一部分罪恶，使他有了吃粉笔灰的资格。
1,第一天她提及堕胎时，他的心只差没有翻出来。,第一天她提及堕胎时，他的心只差翻出来。
1,才不过一分钟的时间，她的表情换了十几种，在在说明她满了震惊与愤怒，只差没有翻桌骂人而已。,才不过一分钟的时间，她的表情换了十几种，在在说明她满了震惊与愤怒，只差翻桌骂人而已。
1,她一直只把凌南当成个满身铜臭味的商人，奸诈又取巧，只差没有脑满肠肥而已。,她一直只把凌南当成个满身铜臭味的商人，奸诈又取巧，只差脑满肠肥而已。
1,她不顾皮蒂姑妈和那些朋友们的非议，仍然像结婚以前那样为人行事，如参加宴会啦，跳舞啦，同士兵一起骑马外出啦，彼此调情啦，凡是她在姑娘时期做过的一切现在都做，只差没有脱掉丧服了。,她不顾皮蒂姑妈和那些朋友们的非议，仍然像结婚以前那样为人行事，如参加宴会啦，跳舞啦，同士兵一起骑马外出啦，彼此调情啦，凡是她在姑娘时期做过的一切现在都做，只差脱掉丧服了。
1,因为他丢了环海工程的生意，以致口不择言地乱写，而那个蔡明光最可怜，只差没有自杀谢罪了。,因为他丢了环海工程的生意，以致口不择言地乱写，而那个蔡明光最可怜，只差自杀谢罪了。
1,＂采玉，别丢下师父一个人……＂他只差没有苦苦地哀求她了。,＂采玉，别丢下师父一个人……＂他只差苦苦地哀求她了。
1,他站起身来，拢了拢被河水冲湿的头发，四周静悄悄的，一个人影儿也没有，董其心再坚强，终究还是个稚龄孩子，眼泪在他眼眶中转了两转，只差没有落下来，他喃喃地想道：“这里，我是无法待下去了。,他站起身来，拢了拢被河水冲湿的头发，四周静悄悄的，一个人影儿也没有，董其心再坚强，终究还是个稚龄孩子，眼泪在他眼眶中转了两转，只差落下来，他喃喃地想道：“这里，我是无法待下去了。
1,一听到解脱的字眼，大臣们个个如获至宝，展了笑颜，谢恩之声顿时充塞大殿之上；而大臣们离去的速度，只差没有落荒而逃。,一听到解脱的字眼，大臣们个个如获至宝，展了笑颜，谢恩之声顿时充塞大殿之上；而大臣们离去的速度，只差落荒而逃。
1,为了画那张画，我好几天没有阖眼，满心满眼除了你再容不下任何东西，只想将我深爱的人最美好的一面刻画在画布上，完成之后只差没有虚脱昏死。,为了画那张画，我好几天没有阖眼，满心满眼除了你再容不下任何东西，只想将我深爱的人最美好的一面刻画在画布上，完成之后只差虚脱昏死。
1,我表姊说，连大学那份客座的指导教授工作他都显得很勉强，只差没有表现得很意兴阑珊。,我表姊说，连大学那份客座的指导教授工作他都显得很勉强，只差表现得很意兴阑珊。
1,”当藏玄涛听到白篆这个报告后，他只差没有被气炸。,”当藏玄涛听到白篆这个报告后，他只差被气炸。
1,塞尚冲了过来，只差没有让我饱尝一顿老拳：“真不幸！,塞尚冲了过来，只差让我饱尝一顿老拳：“真不幸！
1,我们都已经走进礼堂，只差没有许下承诺、交换戒指而已。,我们都已经走进礼堂，只差许下承诺、交换戒指而已。
1,”她九成九的肯定自己有了身孕，至于最后那出点一成，只差没有证实罢了。,”她九成九的肯定自己有了身孕，至于最后那出点一成，只差证实罢了。
1,也因为如此，大家私下都怀疑她究竟是不是皇上的亲骨肉，只差没有证据而已。,也因为如此，大家私下都怀疑她究竟是不是皇上的亲骨肉，只差证据而已。
1,她是只差没有说上一句：“怎么样，我和你的斗争现在才开始吧！,她是只差说上一句：“怎么样，我和你的斗争现在才开始吧！
1,”一整个下午，我留在若儒的寓所里，做着我们从前在奥本尼路惯做的一切事，看书、煮咖啡、说笑话、看电视新闻、撤娇、拥抱，只差没有走上最终的一步。,”一整个下午，我留在若儒的寓所里，做着我们从前在奥本尼路惯做的一切事，看书、煮咖啡、说笑话、看电视新闻、撤娇、拥抱，只差走上最终的一步。
1,一片荒凉，只差没有走兽奔行其间了。,一片荒凉，只差走兽奔行其间了。
1,莫愁瞠大双眸，只差没有跟学生一起尖叫了。,莫愁瞠大双眸，只差跟学生一起尖叫了。
1,＂他只差没有跪下来了。,＂他只差跪下来了。
1,”她只差没有跪下来恳求而已。,”她只差跪下来恳求而已。
1,”孙权马上走到端木恺身边去，对那个只差没有跪下来求饶的薜世说：“薜长史，你初来乍到，应该还没有见过我吧？,”孙权马上走到端木恺身边去，对那个只差跪下来求饶的薜世说：“薜长史，你初来乍到，应该还没有见过我吧？
1,”倪海锋只差没有跪下求她了，当人老爸当到这种地步，也实在是伟大。,”倪海锋只差跪下求她了，当人老爸当到这种地步，也实在是伟大。
1,“你不可以杀我……不可以的……”他的声音软弱，只差没有跪四求饶。,“你不可以杀我……不可以的……”他的声音软弱，只差跪四求饶。
1,”胖男人只差没有跪在东方倾城的面前亲吻她的脚趾了，他的脸色苍白，冷汗像是小雨一样洒落。,”胖男人只差跪在东方倾城的面前亲吻她的脚趾了，他的脸色苍白，冷汗像是小雨一样洒落。
1,”胖男人只差没有跪在东方倾城的面前亲吻她的脚趾了，他的脸色苍白，冷汗像是小雨一样洒落。,”胖男人只差跪在东方倾城的面前亲吻她的脚趾了，他的脸色苍白，冷汗像是小雨一样洒落。
1,”他只差没有跪在地上发誓。,”他只差跪在地上发誓。
1,秦药儿闷声吃个饱，满脑子想的全是师兄，想他被她整得唉声叹气、欲哭无泪，只差没有跪地求饶的模样，好出她一口怨气！,秦药儿闷声吃个饱，满脑子想的全是师兄，想他被她整得唉声叹气、欲哭无泪，只差跪地求饶的模样，好出她一口怨气！
1,”任沐需当下感激涕零，只差没有跪地膜拜。,”任沐需当下感激涕零，只差跪地膜拜。
1,”芷嫣对着身旁的蓝仲勋说道，芙菱只差没有跳到看台上去当拉拉队。,”芷嫣对着身旁的蓝仲勋说道，芙菱只差跳到看台上去当拉拉队。
1,”她急了起来，只差没有跳脚。,”她急了起来，只差跳脚。
1,＂童采裘才发现大家的表情都很怪异，尤其范小芳那副憋笑憋得难过的表情，只差没有躲到罗嘉南怀里偷笑，这样的情形令她大感不妙。,＂童采裘才发现大家的表情都很怪异，尤其范小芳那副憋笑憋得难过的表情，只差躲到罗嘉南怀里偷笑，这样的情形令她大感不妙。
1,因为他一直深信父王就像已经死了一样，只差没有进坟墓而已。,因为他一直深信父王就像已经死了一样，只差进坟墓而已。
1,前面其实与下面的地牢形式差不多，只差没有钢铁制造的栅栏，而是以一张张布帘隔起，所以几乎每个人都能有一个独立的小房间，也因此田冬才能在这种环境中修练。,前面其实与下面的地牢形式差不多，只差钢铁制造的栅栏，而是以一张张布帘隔起，所以几乎每个人都能有一个独立的小房间，也因此田冬才能在这种环境中修练。
1,”我只差没有问出口，你的现金能周转得来吗？,”我只差问出口，你的现金能周转得来吗？
1,”声音是兴奋的、眼神是闪亮的，表情更是喜悦的，丘小晚的神情写满了快乐，蹦啊跳的冲向才刚跨下车的虎魄，手舞足蹈得就只差没有飞上天而已。,”声音是兴奋的、眼神是闪亮的，表情更是喜悦的，丘小晚的神情写满了快乐，蹦啊跳的冲向才刚跨下车的虎魄，手舞足蹈得就只差飞上天而已。
1,李怜花奔驰有发泄怒气作用，又快又急，只差没有飞起来，他想嘶吼，但那声音是沉痛的，是内心烈痛的呐喊。,李怜花奔驰有发泄怒气作用，又快又急，只差飞起来，他想嘶吼，但那声音是沉痛的，是内心烈痛的呐喊。
1,向小舞不但煎了牛排，配上鲜艳可口的蔬菜，还煮了浓汤，烤了几片面包，只差没有餐前酒和甜点了。,向小舞不但煎了牛排，配上鲜艳可口的蔬菜，还煮了浓汤，烤了几片面包，只差餐前酒和甜点了。
1,除了脚下半米开外还维持着那么一点干燥，其余部位无不是波光粼粼，只差没有鱼在里头蹦达了。,除了脚下半米开外还维持着那么一点干燥，其余部位无不是波光粼粼，只差鱼在里头蹦达了。
1,反而是该做“决定”的康熙帝，倒像个没事人一样“隔山观虎门”，听得不亦乐乎，只差没有鼓掌叫好。,反而是该做“决定”的康熙帝，倒像个没事人一样“隔山观虎门”，听得不亦乐乎，只差鼓掌叫好。
1,母麻雀一跃而起，向不远的开满管芒花的芒草地飞去，非常准确地停在一株芒草上，黄昏的秋风很强猛，使芒草摇来摇去，加上母麻雀的体重，晃得更厉害了，母麻雀啁啁地叫，小麻雀则吱吱喳喳笑成一团，显然是为母亲欢呼，只差没有鼓掌。,母麻雀一跃而起，向不远的开满管芒花的芒草地飞去，非常准确地停在一株芒草上，黄昏的秋风很强猛，使芒草摇来摇去，加上母麻雀的体重，晃得更厉害了，母麻雀啁啁地叫，小麻雀则吱吱喳喳笑成一团，显然是为母亲欢呼，只差鼓掌。
1,”看得十分投入的蔡芳仪也对她吼着，视线没有离开过台上的众多俊男，蔡芳仪双眼兴奋的发亮，就只差没朝俊男们流口水。,”看得十分投入的蔡芳仪也对她吼着，视线没有离开过台上的众多俊男，蔡芳仪双眼兴奋的发亮，就只差朝俊男们流口水。
1,”看得十分投入的蔡芳仪也对她吼着，视线没有离开过台上的众多俊男，蔡芳仪双眼兴奋的发亮，就只差没朝俊男们流口水。,”看得十分投入的蔡芳仪也对她吼着，视线没有离开过台上的众多俊男，蔡芳仪双眼兴奋的发亮，就只差朝俊男们流口水。
1,气得怒发冲冠的她，只差没杀到“冷园”去。,气得怒发冲冠的她，只差杀到“冷园”去。
1,这时看戏的人都相信他们绝对没有旧情复燃，这两个人只差没杀死对方，怎还会有感情存在。,这时看戏的人都相信他们绝对没有旧情复燃，这两个人只差杀死对方，怎还会有感情存在。
1,可是这个乔治・柏特并没有给她任何的机会，一走近她，只差没来个熊式大拥抱，他兴奋过度的笑叫：“我远远一看就知道是你！,可是这个乔治・柏特并没有给她任何的机会，一走近她，只差来个熊式大拥抱，他兴奋过度的笑叫：“我远远一看就知道是你！
1,反倒是芙菱和芷嫣联络得紧，这三天只差没来她家住而已。,反倒是芙菱和芷嫣联络得紧，这三天只差来她家住而已。
1,这张血脸已血肉模糊，嘴巴裂到耳下，眼角裂到鬓边，额间一道裂纹，斜裂至颚下，一张脸已不算是脸，四分五裂，只差没松散脱落下来。,这张血脸已血肉模糊，嘴巴裂到耳下，眼角裂到鬓边，额间一道裂纹，斜裂至颚下，一张脸已不算是脸，四分五裂，只差松散脱落下来。
1,于是父女俩立下了“黄牛者，是小狈”的两代条约，击掌为誓，只差没歃血为盟。,于是父女俩立下了“黄牛者，是小狈”的两代条约，击掌为誓，只差歃血为盟。
1,“真的是有了异性没了人性，想当初还踉我结拜只差没歃血为盟，现在可好，娶妻生子就不要我这兄弟了，这兄弟我还真不能要。,“真的是有了异性没了人性，想当初还踉我结拜只差歃血为盟，现在可好，娶妻生子就不要我这兄弟了，这兄弟我还真不能要。
1,”秦老板一定向秦夫人提过她了，只差没正式介绍双方认识。,”秦老板一定向秦夫人提过她了，只差正式介绍双方认识。
1,一心想招来当乘龙快婿；就只差没正式召告天下了。,一心想招来当乘龙快婿；就只差正式召告天下了。
1,我们只差没正式拜堂而已。,我们只差正式拜堂而已。
1,只差没死而后已了。,只差死而后已了。
1,”“你……你……”她只差没气得发疯。,”“你……你……”她只差气得发疯。
1,顷刻间，雪扬打扮了一下午的新娘造形被破坏殆尽，她从镜中瞥见自己凌乱的头发和身上有如应召女郎的俗气黑洋装，只差没气得吐血。,顷刻间，雪扬打扮了一下午的新娘造形被破坏殆尽，她从镜中瞥见自己凌乱的头发和身上有如应召女郎的俗气黑洋装，只差气得吐血。
1,”海粟发现自己的失态，一声不吭的转身就走回董事长办公室，脚只差没气得在地毯上踏出两排洞。,”海粟发现自己的失态，一声不吭的转身就走回董事长办公室，脚只差气得在地毯上踏出两排洞。
1,”银伯满腮的白胡子只差没气得竖起，说什么他都要“维持身价”。,”银伯满腮的白胡子只差气得竖起，说什么他都要“维持身价”。
1,风烈军听着老婆女儿的对话，只差没气昏在床上，看到老婆终于面向他、询问他的意见，他两眼一翻，只能无力的点头。,风烈军听着老婆女儿的对话，只差气昏在床上，看到老婆终于面向他、询问他的意见，他两眼一翻，只能无力的点头。
1,这臭男人居然敢暗示她是……朝云只差没气炸了整座庄院。,这臭男人居然敢暗示她是……朝云只差气炸了整座庄院。
1,杜小月想跟着去凑热闹，竟被他拎着领子丢回屋里，还特地吩咐富伯要好好看着她，杜小月只差没气疯！,杜小月想跟着去凑热闹，竟被他拎着领子丢回屋里，还特地吩咐富伯要好好看着她，杜小月只差气疯！
1,”凯蒂说，只差没气的跳脚。,”凯蒂说，只差气的跳脚。
1,”纪龙飞只差没求饶了。,”纪龙飞只差求饶了。
1,秦曼玲愈想愈兴奋，只差没沿街大放鞭炮，召告天下。,秦曼玲愈想愈兴奋，只差沿街大放鞭炮，召告天下。
1,当初蓝虎知道自己就要当爸爸时，高兴得只差没沿街跳舞，怎么黑豹的反应倒像在生气？,当初蓝虎知道自己就要当爸爸时，高兴得只差沿街跳舞，怎么黑豹的反应倒像在生气？
1,他一定是得了失心疯，才会答应这种荒诞不经的馊主意，自己家里的那一关都还没过，这里就已经困难重重了……他忍不住冷汗涔涔，只差没泪潸潸了。,他一定是得了失心疯，才会答应这种荒诞不经的馊主意，自己家里的那一关都还没过，这里就已经困难重重了……他忍不住冷汗涔涔，只差泪潸潸了。
1,当时春日的脸几乎狰拧的只差没活活捏死眼前的主人。,当时春日的脸几乎狰拧的只差活活捏死眼前的主人。
1,他们两人竟然忽视他这个介绍人，自顾自地寒暄起来，尤其豆儿一见到小弟就好像“大黄”看到狗骨头一样，露出垂涎的表情来，只差没流下口水。,他们两人竟然忽视他这个介绍人，自顾自地寒暄起来，尤其豆儿一见到小弟就好像“大黄”看到狗骨头一样，露出垂涎的表情来，只差流下口水。
1,双手平放在膝上，很渴望的死盯着桌子上的食物，只差没流下口水了。,双手平放在膝上，很渴望的死盯着桌子上的食物，只差流下口水了。
1,”贺净元发现新大陆似地直盯段宜光俏丽的小脸，只差没流下口水表示她的“垂涎”。,”贺净元发现新大陆似地直盯段宜光俏丽的小脸，只差流下口水表示她的“垂涎”。
1,”众多噪音中，以这一声呼唤最为亲切，他只差没流下思念的泪水。,”众多噪音中，以这一声呼唤最为亲切，他只差流下思念的泪水。
1,这人虽然看来斯文，且长相也不差，但那双眼却十分放肆地，上上下下打量着颜水净，只差没流出口水。,这人虽然看来斯文，且长相也不差，但那双眼却十分放肆地，上上下下打量着颜水净，只差流出口水。
1,王裴桦特别注意到上野俊弘着微醺的双眼，贪婪地看着天姿摇摆生姿的背影，只差没流出口水来。,王裴桦特别注意到上野俊弘着微醺的双眼，贪婪地看着天姿摇摆生姿的背影，只差流出口水来。
1,小黑一见到她，忍不住吹了声口哨，一双眼睛也色迷迷地盯着她，只差没流出口水来。,小黑一见到她，忍不住吹了声口哨，一双眼睛也色迷迷地盯着她，只差流出口水来。
1,瞧瞧他，一脸馋相，口水只差没流出来而已。,瞧瞧他，一脸馋相，口水只差流出来而已。
1,”一名小女生只差没流口水。,”一名小女生只差流口水。
1,他整个早上忙着搬运机件，就见这两人坐在旁边闲着没事做，拼命垂涎他的身体，只差没流口水。,他整个早上忙着搬运机件，就见这两人坐在旁边闲着没事做，拼命垂涎他的身体，只差流口水。
1,林丽这女人一见到关承羿就像看到蜂蜜的熊，只差没流口水。,林丽这女人一见到关承羿就像看到蜂蜜的熊，只差流口水。
1,”店小二死盯着婧的脸，傻傻地痴笑，只差没流口水。,”店小二死盯着婧的脸，傻傻地痴笑，只差流口水。
1,尤其是方振宇，他看得双眼发直，只差没流口水。,尤其是方振宇，他看得双眼发直，只差流口水。
1,因为罗敷就跟个大花痴一般，以手托腮直盯著那个“地中海”瞧，其傻愣的程度只差没流口水。,因为罗敷就跟个大花痴一般，以手托腮直盯著那个“地中海”瞧，其傻愣的程度只差流口水。
1,“我看她只差没流口水了。,“我看她只差流口水了。
1,”店小二直勾勾的盯住银子，只差没流口水了。,”店小二直勾勾的盯住银子，只差流口水了。
1,邱伦妮穿着一龚黑色紧身短洋装，非常性感的低胸衣服，充份表现出她的美艳，一双长腿毫无瑕疵的展现出来，真是美丽得教人目眩，所有男人只差没流口水了。,邱伦妮穿着一龚黑色紧身短洋装，非常性感的低胸衣服，充份表现出她的美艳，一双长腿毫无瑕疵的展现出来，真是美丽得教人目眩，所有男人只差流口水了。
1,这男人的确没十分像也有九点九分像，就只差没流口水了！,这男人的确没十分像也有九点九分像，就只差流口水了！
1,这还是头一回有女子敢明目张胆的瞧着他，就只差没流口水罢了。,这还是头一回有女子敢明目张胆的瞧着他，就只差流口水罢了。
1,”唐水平抬头―看，好几个女人全当他是砧板上的肥猪肉似的猛瞧，只差没流口水罢了。,”唐水平抬头―看，好几个女人全当他是砧板上的肥猪肉似的猛瞧，只差流口水罢了。
1,”“刚才我一进你们公司就看见她痴迷地望着我的照片，只差没流口水而已！,”“刚才我一进你们公司就看见她痴迷地望着我的照片，只差流口水而已！
1,她曾在遇到抢银行的匪徒时，竟然还笑笑的请那家伙不要弄皱了她的裙子，而那抢匪惊艳于她的美丽竟当场呆住只差没流口水而已，当然不用说唐大小姐就顺便把那呆掉的抢匪三两下就解决了，一点也不在意那家伙手中还拿着ＡＫ４７。,她曾在遇到抢银行的匪徒时，竟然还笑笑的请那家伙不要弄皱了她的裙子，而那抢匪惊艳于她的美丽竟当场呆住只差流口水而已，当然不用说唐大小姐就顺便把那呆掉的抢匪三两下就解决了，一点也不在意那家伙手中还拿着ＡＫ４７。
1,”她只差没流泪了。,”她只差流泪了。
1,”琥珀突然冒出一句惊动四方的论点，“只差没浑身发抖尖叫而已。,”琥珀突然冒出一句惊动四方的论点，“只差浑身发抖尖叫而已。
1,”看她激动地冲到枫叶堆里坐着，一张小脸感动的只差没涕泪纵横，青狼看得是猛叹气。,”看她激动地冲到枫叶堆里坐着，一张小脸感动的只差涕泪纵横，青狼看得是猛叹气。
1,苏倩像完全忘了她的烦恼似的，拉起是女儿左看右瞧，一副不敢相信的样子，既惊且喜的张着嘴，迅速涌起的泪水沾湿了她的眼睫毛，斗大的泪水只差没淌下来而已。,苏倩像完全忘了她的烦恼似的，拉起是女儿左看右瞧，一副不敢相信的样子，既惊且喜的张着嘴，迅速涌起的泪水沾湿了她的眼睫毛，斗大的泪水只差淌下来而已。
1,力凯没有表情也没有说话，只是又将手里的托盘放在桌上，这次是清粥小菜，香得晴砚食指大动，只差没滴口水出来，她直盯着那些东西，好像眨一下眼，它们就会不见似的。,力凯没有表情也没有说话，只是又将手里的托盘放在桌上，这次是清粥小菜，香得晴砚食指大动，只差滴口水出来，她直盯着那些东西，好像眨一下眼，它们就会不见似的。
1,果然，纪夫人激动的只差没潸然泪下，一把将心肝搂入怀中，“傻丫头，女儿家长大了总是要嫁的，娘再不舍，也不可能留你一辈子。,果然，纪夫人激动的只差潸然泪下，一把将心肝搂入怀中，“傻丫头，女儿家长大了总是要嫁的，娘再不舍，也不可能留你一辈子。
1,”卜杰听了，只差没火冒三丈！,”卜杰听了，只差火冒三丈！
1,罗寒皓还真是怒气“恒”生，尽管她的“小娘子”扮相已经“柔弱无辜”得只差没点上两滴口水当眼泪，他还是不为所动，始终寒着一张脸。,罗寒皓还真是怒气“恒”生，尽管她的“小娘子”扮相已经“柔弱无辜”得只差点上两滴口水当眼泪，他还是不为所动，始终寒着一张脸。
1,张佳佳猛点头，只差没点得身首分了家。,张佳佳猛点头，只差点得身首分了家。
1,”他只差没点明季潋滟很悍的事实。,”他只差点明季潋滟很悍的事实。
1,不过这么忙倒有一个好处，她可以教那些剪不继理还乱、只差没烦死人的心有千千结全部滚一边凉快去。,不过这么忙倒有一个好处，她可以教那些剪不继理还乱、只差烦死人的心有千千结全部滚一边凉快去。
1,可岑的小脸红得只差没烧起来。,可岑的小脸红得只差烧起来。
1,她的脸热得只差没烧起来。,她的脸热得只差烧起来。
1,然后，更形冷酷的深邃黑，在目睹游走在众男子间的红色身影后，两簇火光不由自主地在眼中跳着，只差没烧起来！,然后，更形冷酷的深邃黑，在目睹游走在众男子间的红色身影后，两簇火光不由自主地在眼中跳着，只差烧起来！
1,沿街欢声雷动，只差没燃放鞭炮。,沿街欢声雷动，只差燃放鞭炮。
1,”左樱闷哼一声，她的怒气积压在心底，只差没爆发出来。,”左樱闷哼一声，她的怒气积压在心底，只差爆发出来。
1,”他这话一出，可想而知，梦雪已是七窍生烟，只差没爆发罢了。,”他这话一出，可想而知，梦雪已是七窍生烟，只差爆发罢了。
1,武浩天的俊脸瞬间千变万化，只差没爆笑出声。,武浩天的俊脸瞬间千变万化，只差爆笑出声。
1,现在又像只好奇小猫，拼命缠着他问东问西，只差没爬到他腿上撒娇耍赖。,现在又像只好奇小猫，拼命缠着他问东问西，只差爬到他腿上撒娇耍赖。
1,为了不知名的恐惧，她用尽全力推他打他，只差没狠狠咬他一口。,为了不知名的恐惧，她用尽全力推他打他，只差狠狠咬他一口。
1,石蝶衣不想再咒骂他几何，但见他一脸愧疚，只差没狠狠痛揍自己几，当下话也骂不出来，反倒是柔声安抚他。,石蝶衣不想再咒骂他几何，但见他一脸愧疚，只差狠狠痛揍自己几，当下话也骂不出来，反倒是柔声安抚他。
1,明明是蹄姿健勇，神气活现又虎虎生威的神驹骏马，悦儿不是猜狗儿、狐狸、野狼、牝鹿，要不就是驴子，只差没猜是骆驼、老虎或大象。,明明是蹄姿健勇，神气活现又虎虎生威的神驹骏马，悦儿不是猜狗儿、狐狸、野狼、牝鹿，要不就是驴子，只差猜是骆驼、老虎或大象。
1,”彦婷夸张地抱住，只差没献上热吻。,”彦婷夸张地抱住，只差献上热吻。
1,”青梅从椅子上弹起来，抱着羿文又亲又楼的，只差没用口水把地淹死。,”青梅从椅子上弹起来，抱着羿文又亲又楼的，只差用口水把地淹死。
1,亦琼象说评书一样讲故事，只差没用惊堂木。,亦琼象说评书一样讲故事，只差用惊堂木。
1,何云花是抱着江江作了命根子，只知道凄哭连连；而不埋回老家，佳成家人死活不肯，只差没用扫帚扑人了。,何云花是抱着江江作了命根子，只知道凄哭连连；而不埋回老家，佳成家人死活不肯，只差用扫帚扑人了。
1,“那时你老兄直拿一双嫌恶的眼神盯我，只差没用扫帚把我赶出去。,“那时你老兄直拿一双嫌恶的眼神盯我，只差用扫帚把我赶出去。
1,而且，把他们加诸在他身上的一切都加倍奉还；那些小男生的下场是一个比一个还要凄惨，只差没用救护车送急诊而已；而她，却是一点事也没有，顶多小伤。,而且，把他们加诸在他身上的一切都加倍奉还；那些小男生的下场是一个比一个还要凄惨，只差用救护车送急诊而已；而她，却是一点事也没有，顶多小伤。
1,颜甄用力地拍着门，只差没用脚去踹，“卫逸书！,颜甄用力地拍着门，只差用脚去踹，“卫逸书！
1,说真的，要她穿着套装窄裙跨过地板上重重的障碍物，的确不是件容易的事，她只差没用自己的腿绊倒她自己。,说真的，要她穿着套装窄裙跨过地板上重重的障碍物，的确不是件容易的事，她只差用自己的腿绊倒她自己。
1,这些日于该做的我全做了，只差没用誓言与男女关系留住你，只因我想将决定权留给你，不忍心以这种手段达成目的。,这些日于该做的我全做了，只差用誓言与男女关系留住你，只因我想将决定权留给你，不忍心以这种手段达成目的。
1,本以为相思园大概就像一些富豪人家的别墅，华丽奢侈，只差没用金子砌起来；谁知刘嵩禹与别人不同，偏爱朴实无华的生活，石屋只讲究耐用，根本不在平外型特殊与否。,本以为相思园大概就像一些富豪人家的别墅，华丽奢侈，只差用金子砌起来；谁知刘嵩禹与别人不同，偏爱朴实无华的生活，石屋只讲究耐用，根本不在平外型特殊与否。
1,”芷琳气得只差没甩眼前这个显然已经失去理智的男人一巴掌。,”芷琳气得只差甩眼前这个显然已经失去理智的男人一巴掌。
1,他浓眉拧起，似乎为自己表现得弱势而自厌，进而迁怒於她，所以完全没有好脸色，只差没由鼻腔喷出不屑的一哼。,他浓眉拧起，似乎为自己表现得弱势而自厌，进而迁怒於她，所以完全没有好脸色，只差由鼻腔喷出不屑的一哼。
1,」斯卫心想他真的是惊慌了，只差没疯。,」斯卫心想他真的是惊慌了，只差疯。
1,”她才不信，她那个朋友宫上邪为了要寻找另一块玉只差没疯了而且，而这个男人却一点也不重视？,”她才不信，她那个朋友宫上邪为了要寻找另一块玉只差疯了而且，而这个男人却一点也不重视？
1,美贞只差没疯掉，但是仍然强振精神，陪我哈啦了一个半钟头，才挂断电话。,美贞只差疯掉，但是仍然强振精神，陪我哈啦了一个半钟头，才挂断电话。
1,”她细声道，从凯若口中知道他竟然背着她上五楼，她好感动，只差没痛哭流涕。,”她细声道，从凯若口中知道他竟然背着她上五楼，她好感动，只差痛哭流涕。
1,此时哪见得到一丝丝自满的影子，只差没痛哭流涕了。,此时哪见得到一丝丝自满的影子，只差痛哭流涕了。
1,知机子的袭袖已裂，衣裤被削，长发散乱，只差没皮肉开花，却已气喘咻咻。,知机子的袭袖已裂，衣裤被削，长发散乱，只差皮肉开花，却已气喘咻咻。
1,“可是齐磊从小就不爱看漂亮女生，连人家女孩子主动送上门，他也原封不动的在人家脖子上扎个蝴蝶结再送回家，只差没盖上‘品质无误’猪肉印，实在枉费了麦氏祖先传承给我们的风流天性，唉……”青萝翻了个白眼，对于他的高度自恋不予置评。,“可是齐磊从小就不爱看漂亮女生，连人家女孩子主动送上门，他也原封不动的在人家脖子上扎个蝴蝶结再送回家，只差盖上‘品质无误’猪肉印，实在枉费了麦氏祖先传承给我们的风流天性，唉……”青萝翻了个白眼，对于他的高度自恋不予置评。
1,他只差没直接对她大喊“我不要你赔”，难道她还不明白？,他只差直接对她大喊“我不要你赔”，难道她还不明白？
1,”家璐只差没直接摔落椅子下。,”家璐只差直接摔落椅子下。
1,”崔嬷嬷上前拉住不安于坐的新娘，一张老脸只差没直接摘下来埋了算。,”崔嬷嬷上前拉住不安于坐的新娘，一张老脸只差直接摘下来埋了算。
1,只差没直接明白地说出来。,只差直接明白地说出来。
1,他只差没直接说出：老师，你当我的妈妈吧！,他只差直接说出：老师，你当我的妈妈吧！
1,只差没直言我对中古车的嫌弃。,只差直言我对中古车的嫌弃。
1,看到她们主仆二人只差没相拥着喜极而泣，袁熙上决定放弃。,看到她们主仆二人只差相拥着喜极而泣，袁熙上决定放弃。
1,有好几次，对方连骂三字经，我亦以粗话回敬，那后筒，只差没摔个稀烂，到后来，我一怒之下，把电话的插头拔掉。,有好几次，对方连骂三字经，我亦以粗话回敬，那后筒，只差摔个稀烂，到后来，我一怒之下，把电话的插头拔掉。
1,他们深受王小石恩泽，向来对白愁飞都看不顺眼，或有积恨在心，他们本就不愿对付王小石，只差没真的投身于“象鼻塔”阵营里罢了。,他们深受王小石恩泽，向来对白愁飞都看不顺眼，或有积恨在心，他们本就不愿对付王小石，只差真的投身于“象鼻塔”阵营里罢了。
1,馥儿吓了一大跳，只差没真的跳起来。,馥儿吓了一大跳，只差真的跳起来。
1,如果能立刻从地上钻洞消失，舒橙桔一定不会放过这个机会，她羞愧得只差没真的这么做。,如果能立刻从地上钻洞消失，舒橙桔一定不会放过这个机会，她羞愧得只差真的这么做。
1,”奶娘只差没睁着眼睛昏过去。,”奶娘只差睁着眼睛昏过去。
1,”佐原和男还来不及缓和脸色即被她拖下床，接着便发现自己正面对着墙壁，活像美国片中某个不幸碰上临检的倒霉鬼，只差没破人拿枪抵着脑袋搜身。,”佐原和男还来不及缓和脸色即被她拖下床，接着便发现自己正面对着墙壁，活像美国片中某个不幸碰上临检的倒霉鬼，只差破人拿枪抵着脑袋搜身。
1,他温暖的躯干从正常温度一下子落进足以令血液结冰的深流当中，心脉只差没硬生生给冰成冰糖葫芦，连保住自己的老命都有问题了，遑论对一个自己打算缉捕归案的女头目伸出援手。,他温暖的躯干从正常温度一下子落进足以令血液结冰的深流当中，心脉只差硬生生给冰成冰糖葫芦，连保住自己的老命都有问题了，遑论对一个自己打算缉捕归案的女头目伸出援手。
1,奈何腿没人家的手长，腹部砰砰又中了一对旭日青虎拳，痛得他捧着肚子猛打滚，五脏六腑只差没碎。,奈何腿没人家的手长，腹部砰砰又中了一对旭日青虎拳，痛得他捧着肚子猛打滚，五脏六腑只差碎。
1,”那可怜的小姐一把鼻涕、一把眼泪，只差没磕头认错。,”那可怜的小姐一把鼻涕、一把眼泪，只差磕头认错。
1,”他只差没磕头，行五体投地大礼了。,”他只差磕头，行五体投地大礼了。
1,白发银眉也打了哈哈，道：“魁首，那还确实令人头痛，大夫人和二夫人说什么也要跟来，三夫人她们三个见有人带头，也说要同行，好说歹说，我与叶老邪就只差没磨破嘴皮子了，才算把她们劝住，魁首，那情形，比与十个高手拼命还要难以应付啊！,白发银眉也打了哈哈，道：“魁首，那还确实令人头痛，大夫人和二夫人说什么也要跟来，三夫人她们三个见有人带头，也说要同行，好说歹说，我与叶老邪就只差磨破嘴皮子了，才算把她们劝住，魁首，那情形，比与十个高手拼命还要难以应付啊！
1,我跟闳毅啊，恩爱到只差没穿同一条裤子长大。,我跟闳毅啊，恩爱到只差穿同一条裤子长大。
1,”可是在子女们心中，父亲总比其它的“老头子”年轻，弟弟还送浅湖水蓝色的青春运动恤给他穿哩，父亲不但照穿如仪，还配上白裤白鞋，一派青春逼人模样，只差没穿波鞋。,”可是在子女们心中，父亲总比其它的“老头子”年轻，弟弟还送浅湖水蓝色的青春运动恤给他穿哩，父亲不但照穿如仪，还配上白裤白鞋，一派青春逼人模样，只差穿波鞋。
1,”李乃君的娇叱声只差没穿破她耳膜，方筝跳开一大步，故作惊惶道：“完了，母狮的原形毕露，居然正巧住在河的东边，这下子陈家才俊男没救了！,”李乃君的娇叱声只差穿破她耳膜，方筝跳开一大步，故作惊惶道：“完了，母狮的原形毕露，居然正巧住在河的东边，这下子陈家才俊男没救了！
1,家琪马上撒娇起来，只差没窝在欣然怀里，这是她攻陷人性的方法之一。,家琪马上撒娇起来，只差窝在欣然怀里，这是她攻陷人性的方法之一。
1,从此以后，父母对雷家更是感激涕零，只差没立个什么神主牌位之类的东西来早晚三炷香，天天膜拜叩首。,从此以后，父母对雷家更是感激涕零，只差立个什么神主牌位之类的东西来早晚三炷香，天天膜拜叩首。
1,偷儿辈的人谁不拿他当祖宗崇拜，只差没立个碑，早晚三炷清香了。,偷儿辈的人谁不拿他当祖宗崇拜，只差立个碑，早晚三炷清香了。
1,江杰察觉有异，随着萧浪的眼光望去，脸色也像是看到了个大头鬼从壁上冒出来一样，只差没立刻跳起来。,江杰察觉有异，随着萧浪的眼光望去，脸色也像是看到了个大头鬼从壁上冒出来一样，只差立刻跳起来。
1,”江杰本以为报上自己和萧浪的名号，对方纵不立刻放行，也该以礼相待，没想到三名道人未待江杰说完，已在脸色大变，拔剑在手，只差没立即出手。,”江杰本以为报上自己和萧浪的名号，对方纵不立刻放行，也该以礼相待，没想到三名道人未待江杰说完，已在脸色大变，拔剑在手，只差立即出手。
1,“他们只差没竖白旗来投降罢了，”他说。,“他们只差竖白旗来投降罢了，”他说。
1,”老人喃喃抱怨，眼睛被薰得直流眼泪；除了一脸污渍之外，头发只差没竖起来。,”老人喃喃抱怨，眼睛被薰得直流眼泪；除了一脸污渍之外，头发只差竖起来。
1,她高兴的欢呼出声，只差没站起来手舞足蹈，她一连又问了很多问题，黑大哥也一一回答。,她高兴的欢呼出声，只差站起来手舞足蹈，她一连又问了很多问题，黑大哥也一一回答。
1,”阎王越说越火，只差没站起来扑扑跳！,”阎王越说越火，只差站起来扑扑跳！
1,那样子……更呆、更拙了，段玉蝶只差没笑到地板上去打滚了，“你……你实在……哎哟……疼死我了……我受不了了……”笑到后来，她说话的力气都没有了。,那样子……更呆、更拙了，段玉蝶只差笑到地板上去打滚了，“你……你实在……哎哟……疼死我了……我受不了了……”笑到后来，她说话的力气都没有了。
1,席如风听完，愕然大笑，只差没笑得人仰马翻了。,席如风听完，愕然大笑，只差笑得人仰马翻了。
1,那一双诉尽心思的眼，更毫不保留地表现出他疯狂的笑意，就只差没笑得虚脱地滑到地板上去了！,那一双诉尽心思的眼，更毫不保留地表现出他疯狂的笑意，就只差笑得虚脱地滑到地板上去了！
1,”他不画蛇添足倒也罢了，这一详加解说，只差没笑死了缺德鬼苏鸣，燕无极和关饮虹的修养和良心比他多那么一点点，拚命忍住笑意。,”他不画蛇添足倒也罢了，这一详加解说，只差笑死了缺德鬼苏鸣，燕无极和关饮虹的修养和良心比他多那么一点点，拚命忍住笑意。
1,“我们三个兄长失败，管不住妹妹，林少纶自愿担当这个位置，我和龙只差没筹大礼谢谢他了。,“我们三个兄长失败，管不住妹妹，林少纶自愿担当这个位置，我和龙只差筹大礼谢谢他了。
1,如果将她白日的模样比拟成刺，那么，入梦的她就像温驯的猫咪，只差没细细地打着呼噜。,如果将她白日的模样比拟成刺，那么，入梦的她就像温驯的猫咪，只差细细地打着呼噜。
1,”孟樵看着他不语，皱眉、酷脸，只差没绑头发。,”孟樵看着他不语，皱眉、酷脸，只差绑头发。
1,这对只差没结婚证书的夫妻对望一眼。,这对只差结婚证书的夫妻对望一眼。
1,”绪方真绘只差没给他气死，她干脆开门见山的问：“你从来没有为情人吃醋、嫉妒过吗？,”绪方真绘只差给他气死，她干脆开门见山的问：“你从来没有为情人吃醋、嫉妒过吗？
1,是这里……”我睁开眼睛，随着大哥的眼光望去，这一瞧，整个人只差没给吓得屁滚尿流，以及身子向后猛跌个十来丈远。,是这里……”我睁开眼睛，随着大哥的眼光望去，这一瞧，整个人只差给吓得屁滚尿流，以及身子向后猛跌个十来丈远。
1,胆都只差没给吓破了。,胆都只差给吓破了。
1,赵胜天劝她别这样，这样对小孩不好，就只差没给她磕头。,赵胜天劝她别这样，这样对小孩不好，就只差给她磕头。
1,一路都躺在我的膝盖上给抱着的，只差没给她系上安全带再加上买一张机票了。,一路都躺在我的膝盖上给抱着的，只差给她系上安全带再加上买一张机票了。
1,两老你一言我一句的，着声淌着泪在一旁商量了老半天，最后，走到我跟前来，双双跪倒，只差没给我磕响头。,两老你一言我一句的，着声淌着泪在一旁商量了老半天，最后，走到我跟前来，双双跪倒，只差给我磕响头。
1,※※※激烈的混战，在整间ＰＵＢ几乎全毁，只差没给拆了的情况下，终于胜负分晓的画下句点。,※※※激烈的混战，在整间ＰＵＢ几乎全毁，只差给拆了的情况下，终于胜负分晓的画下句点。
1,“你……这个……”守静衣冠整齐，而封致虚狼狈得只差没缩在地上求饶，无论从哪个角度来看，目前占上风的人显然是他的宝贝女儿，因此底下的那句“你竟敢占我女儿便宜”，再怎么样他也讲不出口。,“你……这个……”守静衣冠整齐，而封致虚狼狈得只差缩在地上求饶，无论从哪个角度来看，目前占上风的人显然是他的宝贝女儿，因此底下的那句“你竟敢占我女儿便宜”，再怎么样他也讲不出口。
1,她气得只差没翻桌掉头就走而已。,她气得只差翻桌掉头就走而已。
1,”“小姐──”春日只差没翻白眼。,”“小姐──”春日只差翻白眼。
1,”庄诏勤饿得肚子咕咕叫，只差没翻白眼。,”庄诏勤饿得肚子咕咕叫，只差翻白眼。
1,云飞絮只差没翻白眼了，但冉魁生没发觉，继续发表深情的演说。,云飞絮只差翻白眼了，但冉魁生没发觉，继续发表深情的演说。
1,“达令，她是……”谷青云只差没翻白眼，他的手挽着红影的肩，这姿势已经够暧昧了，这会儿她又在夏心苹的面前故意称他一声“达令”，他彷佛看到夏心苹又将自己锁进了心塔里。,“达令，她是……”谷青云只差翻白眼，他的手挽着红影的肩，这姿势已经够暧昧了，这会儿她又在夏心苹的面前故意称他一声“达令”，他彷佛看到夏心苹又将自己锁进了心塔里。
1,因为她这种笑，就像是古代奸臣背着君主“狡滑而笑”的“奸”样，只差没耶耶耶耶她笑出声来，这实在是太阴森、太恐怖了！,因为她这种笑，就像是古代奸臣背着君主“狡滑而笑”的“奸”样，只差耶耶耶耶她笑出声来，这实在是太阴森、太恐怖了！
1,”他都给她骂过了，一路由郊区骑回市中心，只差没聋掉，她还在气个什么劲儿呀？,”他都给她骂过了，一路由郊区骑回市中心，只差聋掉，她还在气个什么劲儿呀？
1,那个冈田樱子呢，正是七年前还在特洛弗研究所混吃度日时，替她将受精卵植入子宫的“帮凶”；是个天才少女，如今是个妇科天才，兼任“冈田大学”的系主任，并且也是冈田集团的千金，身份吓人得很，只差没能呼风唤雨了。,那个冈田樱子呢，正是七年前还在特洛弗研究所混吃度日时，替她将受精卵植入子宫的“帮凶”；是个天才少女，如今是个妇科天才，兼任“冈田大学”的系主任，并且也是冈田集团的千金，身份吓人得很，只差能呼风唤雨了。
1,”局长大人气得全身发抖，只差没脑中风。,”局长大人气得全身发抖，只差脑中风。
1,他一一交代钱财散发的去处，二百两散个精光不说，连他身上那件刚买的棉袄大衣也脱给了一名老乞丐御寒，真的是只差没脱裤子了。,他一一交代钱财散发的去处，二百两散个精光不说，连他身上那件刚买的棉袄大衣也脱给了一名老乞丐御寒，真的是只差脱裤子了。
1,一见心上人来到，洪立扈马上殷勤地让位递茶，好不狗腿，只差没舔她走过的路。,一见心上人来到，洪立扈马上殷勤地让位递茶，好不狗腿，只差舔她走过的路。
1,”薛宇脑袋点得只差没落地。,”薛宇脑袋点得只差落地。
1,”丁皓头点得只差没落地，直说好。,”丁皓头点得只差落地，直说好。
1,”他可怜兮兮的看着她，只差没落泪。,”他可怜兮兮的看着她，只差落泪。
1,”只差没落泪。,”只差落泪。
1,江唯远作揖打躬，只差没行一个美国式的军礼。,江唯远作揖打躬，只差行一个美国式的军礼。
1,”君樵调皮的笑着，只差没行曲膝礼。,”君樵调皮的笑着，只差行曲膝礼。
1,他们走时都没有发觉陆眼中闪过一抹错愕，他那冷硬的脸孔上只差没被为难之色给淹没了。,他们走时都没有发觉陆眼中闪过一抹错愕，他那冷硬的脸孔上只差被为难之色给淹没了。
1,＂那男子闷不吭声地想用蛮力将她的皮包硬抢过来，而彤秀琰竟然很没脑袋地和他展开了一场争夺战，怎么也不肯放手，还一边破口大骂，只差没被人家拖着走。,＂那男子闷不吭声地想用蛮力将她的皮包硬抢过来，而彤秀琰竟然很没脑袋地和他展开了一场争夺战，怎么也不肯放手，还一边破口大骂，只差被人家拖着走。
1,柳浩只差没被他气死。,柳浩只差被他气死。
1,他身子动弹不得，双手也不能动了，只差没被他点上哑穴，能动的也就是一张口了。,他身子动弹不得，双手也不能动了，只差被他点上哑穴，能动的也就是一张口了。
1,绪方真绘只差没被他那杀鸡般的怪声，给爹出满地的鸡皮疙瘩。,绪方真绘只差被他那杀鸡般的怪声，给爹出满地的鸡皮疙瘩。
1,”她拍拍惊魂未定的心脏，只差没被吓死。,”她拍拍惊魂未定的心脏，只差被吓死。
1,”秋大娘斥道：“老娘哪有这种女儿，这几年我受够她的气，只差没被她气死，养她怎么大，她也该满足了。,”秋大娘斥道：“老娘哪有这种女儿，这几年我受够她的气，只差被她气死，养她怎么大，她也该满足了。
1,仇岩拉了拉领口，觉得自己花稍得像祭祀用的五彩牲礼，只差没被抬上供桌了。,仇岩拉了拉领口，觉得自己花稍得像祭祀用的五彩牲礼，只差被抬上供桌了。
1,盯着她香甜的睡容半晌，萨康才轻轻抽离自己的双手，转身卸下一身官服；待他重新回到床上时，他不悦地发现才刚替她盖好的棉被只差没被踢到九霄云外去。,盯着她香甜的睡容半晌，萨康才轻轻抽离自己的双手，转身卸下一身官服；待他重新回到床上时，他不悦地发现才刚替她盖好的棉被只差被踢到九霄云外去。
1,”只差没要了她！,”只差要了她！
1,“为了这件事，昨天我还被硬拖着上医院检查，以确定没有其它后遗症，我大哥他只差没要医生给我的鼻子照Ｘ光。,“为了这件事，昨天我还被硬拖着上医院检查，以确定没有其它后遗症，我大哥他只差要医生给我的鼻子照Ｘ光。
1,每天，他不定时传呼她前来伺候，要她喂饭、倒水，只差没要她帮他洗澡净身，她却能逆来顺受，从不显露厌烦与不耐，甚至看不出半点恼怒，仿佛住在这里当个女奴是件再自然不过的事……她不怕、不担心吗？,每天，他不定时传呼她前来伺候，要她喂饭、倒水，只差要她帮他洗澡净身，她却能逆来顺受，从不显露厌烦与不耐，甚至看不出半点恼怒，仿佛住在这里当个女奴是件再自然不过的事……她不怕、不担心吗？
1,”“姑奶奶，你要是听到他说话的口气，就知道他是不是认真了，只差没要我写借据了。,”“姑奶奶，你要是听到他说话的口气，就知道他是不是认真了，只差要我写借据了。
1,晚上我困得要死，还得帮他按摩擦头发，只差没要我帮他洗澡了。,晚上我困得要死，还得帮他按摩擦头发，只差要我帮他洗澡了。
1,“她们只差没要我拿出户口名簿证明。,“她们只差要我拿出户口名簿证明。
1,李伯瞵蔑笑着自己的多疑，只差没要柳子容解下衣裳，让他验明是否为男儿身。,李伯瞵蔑笑着自己的多疑，只差要柳子容解下衣裳，让他验明是否为男儿身。
1,雪片般的各式证明文件于是在英国与法国之间飞来飞去，资料巨细靡遗，只差没要血型证明和指纹打印。,雪片般的各式证明文件于是在英国与法国之间飞来飞去，资料巨细靡遗，只差要血型证明和指纹打印。
1,想、想，想得只差没让口水泛滥成灾。,想、想，想得只差让口水泛滥成灾。
1,想、想，想得只差没让口水泛滥成灾。,想、想，想得只差让口水泛滥成灾。
1,只不过下场凄惨得只差没让那群女人的口水淹死。,只不过下场凄惨得只差让那群女人的口水淹死。
1,她的喉咙内早已诅咒过了自夏禹开始的历代君主，只差没让骂词滑出唇瓣。,她的喉咙内早已诅咒过了自夏禹开始的历代君主，只差让骂词滑出唇瓣。
1,”始终在一旁冷眼旁观的白衣少年，觉得这二人真像唱戏的，文词又假又虚伪，只差没讲究身段和姿势。,”始终在一旁冷眼旁观的白衣少年，觉得这二人真像唱戏的，文词又假又虚伪，只差讲究身段和姿势。
1,”他全说完了，该说的全说了，只差没说“我爱你”三个字而已；他静静的等着席仲轩的反应。,”他全说完了，该说的全说了，只差说“我爱你”三个字而已；他静静的等着席仲轩的反应。
1,”只差没说人家夙敏格格压根视之加粪土，连个回音都没有。,”只差说人家夙敏格格压根视之加粪土，连个回音都没有。
1,红只差没说出「不要逃!」朝雨衣男消失的方向追去。,红只差说出「不要逃!」朝雨衣男消失的方向追去。
1,江儿所有的抗议和咒骂只差没说出口而已，开什么玩笑，她抵死也不从。,江儿所有的抗议和咒骂只差说出口而已，开什么玩笑，她抵死也不从。
1,”他的指责，声声严厉，只差没说出羞辱的言词了。,”他的指责，声声严厉，只差说出羞辱的言词了。
1,是由新锐结界师团队花了四年时间所完成，深受业界期待的新产品!它不仅可以阻断外面的灵力，也可以让在里面的人类方向感错乱，是一个很优的商品叩!是绑架人类时不可或缺的工具!……只差没说出这个商品的名称叫「捕人屋」。,是由新锐结界师团队花了四年时间所完成，深受业界期待的新产品!它不仅可以阻断外面的灵力，也可以让在里面的人类方向感错乱，是一个很优的商品叩!是绑架人类时不可或缺的工具!……只差说出这个商品的名称叫「捕人屋」。
1,”她只差没说出，为什么不是你？,”她只差说出，为什么不是你？
1,”蓓云只差没说周至佳手头不便。,”蓓云只差说周至佳手头不便。
1,只差没说她是“混世牛魔王”投胎转世罢了！,只差说她是“混世牛魔王”投胎转世罢了！
1,”他只差没说是遥弦山上的产物。,”他只差说是遥弦山上的产物。
1,“这几年铁叔、铁姨只差没说破嘴，就不见你到你家隔壁和自己的准新娘认识认识。,“这几年铁叔、铁姨只差说破嘴，就不见你到你家隔壁和自己的准新娘认识认识。
1,」她只差没说自己不小心忘记了。,」她只差说自己不小心忘记了。
1,”田蜜只差没说，即使她与爹爹快饿死的时候，他们都不曾动过变卖它的念头，因为爹爹常说它是吉祥物，会带给她幸的。,”田蜜只差说，即使她与爹爹快饿死的时候，他们都不曾动过变卖它的念头，因为爹爹常说它是吉祥物，会带给她幸的。
1,她沉静如水的星眸依旧定定的凝望着他，只差没说：“悉听尊便！,她沉静如水的星眸依旧定定的凝望着他，只差说：“悉听尊便！
1,接着，他就双手一摊，绽放爽朗的笑容，只差没说：两位请继续。,接着，他就双手一摊，绽放爽朗的笑容，只差说：两位请继续。
1,”他只差没说：我已经够悲惨了，你还含血喷人，想气死我吗？,”他只差说：我已经够悲惨了，你还含血喷人，想气死我吗？
1,相差了三届的学长、学姊、学弟、学妹竟成了一家，举办婚礼像在开同学会，只差没请校长来致辞而已。,相差了三届的学长、学姊、学弟、学妹竟成了一家，举办婚礼像在开同学会，只差请校长来致辞而已。
1,拜狄森．威尔所赐，居然暗示方范那小子说风御骋曾是美国黑道首屈一指的大人物，害得方范一反敌视风御骋的态度，只差没谄媚地拜倒在他西装裤下摇尾巴。,拜狄森．威尔所赐，居然暗示方范那小子说风御骋曾是美国黑道首屈一指的大人物，害得方范一反敌视风御骋的态度，只差谄媚地拜倒在他西装裤下摇尾巴。
1,他知道他娘对寒竹可是爱到了心坎里，打她看过了年寒竹之后，她不知在他耳边嘀咕过多少回有关寒竹的事，听得他耳朵差点没长茧；一旦知道寒竹将入他们雷家的门，他娘只差没谢天谢地谢祖先。,他知道他娘对寒竹可是爱到了心坎里，打她看过了年寒竹之后，她不知在他耳边嘀咕过多少回有关寒竹的事，听得他耳朵差点没长茧；一旦知道寒竹将入他们雷家的门，他娘只差谢天谢地谢祖先。
1,会吸引她的，反而是那种冷绝的气息，加上那种天塌下来也与他无关的酷样；好像特别讨厌理会别人，只差没贴个“生人勿近”的牌子了！,会吸引她的，反而是那种冷绝的气息，加上那种天塌下来也与他无关的酷样；好像特别讨厌理会别人，只差贴个“生人勿近”的牌子了！
1,只差没赏他几个巴掌。,只差赏他几个巴掌。
1,”舒橙桔觉得举步维艰，要她听不到这些个奇怪的讨论声还真有点困难，他们说的她听得一清二楚，只差没走上前去回答他们心中的疑问。,”舒橙桔觉得举步维艰，要她听不到这些个奇怪的讨论声还真有点困难，他们说的她听得一清二楚，只差走上前去回答他们心中的疑问。
1,”“我可不比你的后宫嫔妃，一看见你就诚惶诚恐的，只差没趴在你的脚边而已了！,”“我可不比你的后宫嫔妃，一看见你就诚惶诚恐的，只差趴在你的脚边而已了！
1,他密切地盯住郑清宁，只差没趴在地上汪汪两声，引起她的注意。,他密切地盯住郑清宁，只差趴在地上汪汪两声，引起她的注意。
1,秦氏夫妇则由秦语婷口中得知辜琳灵的“作为”，对她的印象直线下滑，只差没跌到谷底，然而他们毕竟年过半百，经过许多大风大浪，知道事情总有正反两面，所以也想听听当事人的辩解再来下定论。,秦氏夫妇则由秦语婷口中得知辜琳灵的“作为”，对她的印象直线下滑，只差跌到谷底，然而他们毕竟年过半百，经过许多大风大浪，知道事情总有正反两面，所以也想听听当事人的辩解再来下定论。
1,反正已是如醉如痴，只差没跟着人家翩翩起舞！,反正已是如醉如痴，只差跟着人家翩翩起舞！
1,”林董苦苦哀嚎着，只差没跪下。,”林董苦苦哀嚎着，只差跪下。
1,＂姜颖虚软地靠在门边，只差没跪下了。,＂姜颖虚软地靠在门边，只差跪下了。
1,黄荣只差没跪下了：“公孙兄，您这是……”公孙奇不说话，两手按着桌子，慢慢站了起来，转过身子，沉重地走了，弄得店里的人莫名其妙。,黄荣只差跪下了：“公孙兄，您这是……”公孙奇不说话，两手按着桌子，慢慢站了起来，转过身子，沉重地走了，弄得店里的人莫名其妙。
1,”符龙飞正暗自咋舌，忖道：“小天他们在中原，可真是有名，看这姓伊的如此巴结法，只差没跪下去三叩其头，高呼万岁。,”符龙飞正暗自咋舌，忖道：“小天他们在中原，可真是有名，看这姓伊的如此巴结法，只差跪下去三叩其头，高呼万岁。
1,”凯宾最怕看到女人的眼泪，急得团团转，只差没跪下去哄她开心。,”凯宾最怕看到女人的眼泪，急得团团转，只差跪下去哄她开心。
1,”王爷向平日温柔可亲的福晋解释，只差没跪下去求福晋息怒。,”王爷向平日温柔可亲的福晋解释，只差跪下去求福晋息怒。
1,”她这辈子从没这么卑屈地苦苦哀求过，几乎只差没跪下去跟他磕头。,”她这辈子从没这么卑屈地苦苦哀求过，几乎只差跪下去跟他磕头。
1,”内侍只差没跪下哀求。,”内侍只差跪下哀求。
1,”他一把眼泪一把鼻涕的求饶，只差没跪下来。,”他一把眼泪一把鼻涕的求饶，只差跪下来。
1,”方尔丛只差没跪下来。,”方尔丛只差跪下来。
1,”方志桐表现得感激涕零，只差没跪下来叩拜。,”方志桐表现得感激涕零，只差跪下来叩拜。
1,谁料，喜从天降，紫玉竹偏偏看上他，爱上他，他感动又感激得只差没跪下来叩拜他出身高贵的老婆，岂敢有二心？,谁料，喜从天降，紫玉竹偏偏看上他，爱上他，他感动又感激得只差跪下来叩拜他出身高贵的老婆，岂敢有二心？
1,我忍气吞声，拚命道歉：只差没跪下来向他赔罪而已……”叶千钟嘴角浮现自我解嘲的苦笑。,我忍气吞声，拚命道歉：只差跪下来向他赔罪而已……”叶千钟嘴角浮现自我解嘲的苦笑。
1,”她心急地嚷嚷，只差没跪下来拉他的裤管。,”她心急地嚷嚷，只差跪下来拉他的裤管。
1,”掌柜的只差没跪下来求她歇手，放他一条生路。,”掌柜的只差跪下来求她歇手，放他一条生路。
1,揪住几个小鬼一顿臭骂，一阵拍灰似的乱打，继而对恩人们千恩万谢，只差没跪下来磕头。,揪住几个小鬼一顿臭骂，一阵拍灰似的乱打，继而对恩人们千恩万谢，只差跪下来磕头。
1,”宫昱只差没跪下来磕头请求。,”宫昱只差跪下来磕头请求。
1,”“黄热病应该打了十天才生效，没小心，第七天就跑来了，不给入境，要送人回去，求得只差没跪下来，还被送到机场那个挂着大花布帘的小房间里去骂了半天，才放了。,”“黄热病应该打了十天才生效，没小心，第七天就跑来了，不给入境，要送人回去，求得只差跪下来，还被送到机场那个挂着大花布帘的小房间里去骂了半天，才放了。
1,我只差没跪下求她了，她还不是走了？,我只差跪下求她了，她还不是走了？
1,事关主子的性命安危，这些忠心的下属说什么也不肯让青云离开，死命哀求只差没跪下磕头――如果欧阳青云再坚持的话。,事关主子的性命安危，这些忠心的下属说什么也不肯让青云离开，死命哀求只差跪下磕头――如果欧阳青云再坚持的话。
1,只差没跪下磕头膜拜。,只差跪下磕头膜拜。
1,俱乐部全依赖他的脱衣舞表演来留住客人，他决定今天不表演，等候的观众若一发飙，不消十分钟，俱乐部可能会变成断垣残壁，为了避免这个景况的发生，吴永光千拜托万拜托，只差没跪下磕头，喊他一声“祖宗爷爷”了。,俱乐部全依赖他的脱衣舞表演来留住客人，他决定今天不表演，等候的观众若一发飙，不消十分钟，俱乐部可能会变成断垣残壁，为了避免这个景况的发生，吴永光千拜托万拜托，只差跪下磕头，喊他一声“祖宗爷爷”了。
1,”“成了，凌伯父一见政东的来头也不小，只差没跪下要求席伯伯尽快接访过门呢！,”“成了，凌伯父一见政东的来头也不小，只差跪下要求席伯伯尽快接访过门呢！
1,“不会吧，慢了……一步……”她马上一副气脱力尽的只差没跪到地上去。,“不会吧，慢了……一步……”她马上一副气脱力尽的只差跪到地上去。
1,”那小厮急忙作揖陪礼，只差没跪在地上三跪九叩了。,”那小厮急忙作揖陪礼，只差跪在地上三跪九叩了。
1,那老杂工见了我，只差没跪在地上向我赔个不是。,那老杂工见了我，只差跪在地上向我赔个不是。
1,”她的态度再认真不过，她也自认口气很谦卑，还对他深深一鞠躬，只差没跪在地上求他原谅而已。,”她的态度再认真不过，她也自认口气很谦卑，还对他深深一鞠躬，只差跪在地上求他原谅而已。
1,＂夫妇俩连连哈腰道谢，只差没跪地叩头。,＂夫妇俩连连哈腰道谢，只差跪地叩头。
1,”温中苦苦哀求，只差没跪地向她叩首了。,”温中苦苦哀求，只差跪地向她叩首了。
1,我的小女人第八章当徐耀文宣布她可以出院时，杨玉环高兴得只差没跪地拜谢。,我的小女人第八章当徐耀文宣布她可以出院时，杨玉环高兴得只差跪地拜谢。
1,”丹尼只差没跪地求饶。,”丹尼只差跪地求饶。
1,”他有些不耐烦了，他从没那么窝囊过，正宇企业聘用职员有史以来第一次要老板亲自出马，并且还要百般说服，只差没跪地磕头。,”他有些不耐烦了，他从没那么窝囊过，正宇企业聘用职员有史以来第一次要老板亲自出马，并且还要百般说服，只差跪地磕头。
1,”两人你一言我一语地嘀嘀咕咕评论著，只差没跳上床摇醒慕容浚，问他身旁的小美人叫什么名字，今年几岁。,”两人你一言我一语地嘀嘀咕咕评论著，只差跳上床摇醒慕容浚，问他身旁的小美人叫什么名字，今年几岁。
1,”蓉蓉在一旁兴奋得只差没跳上跳下。,”蓉蓉在一旁兴奋得只差跳上跳下。
1,恰恰在这６年中，上海到嘉定高速公路建成通车了，广州到佛山的高速公路建成通车了，沈阳到大连的高速公路建成通车了……好消息不断传来，福建人的心急得只差没跳出来了。,恰恰在这６年中，上海到嘉定高速公路建成通车了，广州到佛山的高速公路建成通车了，沈阳到大连的高速公路建成通车了……好消息不断传来，福建人的心急得只差跳出来了。
1,龙涉的心脏只差没跳出胸口。,龙涉的心脏只差跳出胸口。
1,”苏倩从头到尾都是笑呵呵，笑得脸上绽放着满足的光芒，高兴快乐得只差没跳到桌上旋舞一番。,”苏倩从头到尾都是笑呵呵，笑得脸上绽放着满足的光芒，高兴快乐得只差跳到桌上旋舞一番。
1,”听到这话，安娜只差没跳到桌面上手足舞蹈。,”听到这话，安娜只差跳到桌面上手足舞蹈。
1,”玲达冷汗直流，只差没跳大腿舞谢主隆恩了。,”玲达冷汗直流，只差跳大腿舞谢主隆恩了。
1,其实把责任全都归咎于她并不太公平，毕竟是那两个模特儿故意找她麻烦的，但她竟然可以不带一个脏字就把那两个模特儿骂到痛哭流涕，只差没跳楼，功力着实惊人。,其实把责任全都归咎于她并不太公平，毕竟是那两个模特儿故意找她麻烦的，但她竟然可以不带一个脏字就把那两个模特儿骂到痛哭流涕，只差跳楼，功力着实惊人。
1,“如果你一进门就被人莫名其妙的拉到床上，还被个死色狼摸来抱去，接着恶心巴啦的当你是一根狗骨头又舔又亲，这个时候不害怕，难不成还要自动躺着说──来吧，可能吗──我又不是白痴──”她咆喊地只差没跳脚。,“如果你一进门就被人莫名其妙的拉到床上，还被个死色狼摸来抱去，接着恶心巴啦的当你是一根狗骨头又舔又亲，这个时候不害怕，难不成还要自动躺着说──来吧，可能吗──我又不是白痴──”她咆喊地只差跳脚。
1,”王大虎气得只差没跳脚。,”王大虎气得只差跳脚。
1,＂林竹宸急得只差没跳脚。,＂林竹宸急得只差跳脚。
1,他心中气得呕死了，只差没跳脚。,他心中气得呕死了，只差跳脚。
1,”高急得只差没跳脚了。,”高急得只差跳脚了。
1,”薛紫儿沙哑着声音喊着，只差没跳起来。,”薛紫儿沙哑着声音喊着，只差跳起来。
1,”贞阳一把搂住他颈子，高兴得只差没跳起来。,”贞阳一把搂住他颈子，高兴得只差跳起来。
1,”说到这个就有气，殷佑只差没跳起来控诉。,”说到这个就有气，殷佑只差跳起来控诉。
1,见她面容哀戚，他只差没跳起来欢呼！,见她面容哀戚，他只差跳起来欢呼！
1,水容容只差没跳起来，她大声叫道：“我说我的命是我自己的！,水容容只差跳起来，她大声叫道：“我说我的命是我自己的！
1,席如秀早想把这尊菩萨请回家中，奈何阴离魂坚持不肯割爱，只有常常前往他家里欣赏膜拜；如今物归席府，高兴得只差没跳起来，对宝宝谢了又谢。,席如秀早想把这尊菩萨请回家中，奈何阴离魂坚持不肯割爱，只有常常前往他家里欣赏膜拜；如今物归席府，高兴得只差跳起来，对宝宝谢了又谢。
1,牟丽吓得只差没跳起来，慌忙抽回自己的手，她立刻翻身下床捡拾起自己的衣服就胡乱的套上。,牟丽吓得只差跳起来，慌忙抽回自己的手，她立刻翻身下床捡拾起自己的衣服就胡乱的套上。
1,”段旋舞高兴得只差没跳起来，这“大唐第一贵公子”终于翻脸了。,”段旋舞高兴得只差跳起来，这“大唐第一贵公子”终于翻脸了。
1,”妍妍诧异地盯着敏儿瞧，总觉得她似乎在诱导着什么，长篇大论分析起被强暴者的罪恶感与羞耻、自卑……果不其然，红霓只差没跳起来：“阴影？,”妍妍诧异地盯着敏儿瞧，总觉得她似乎在诱导着什么，长篇大论分析起被强暴者的罪恶感与羞耻、自卑……果不其然，红霓只差跳起来：“阴影？
1,”他眼珠凸出，从位子里惊跳起来，只差没跳过办公桌去提起欣欣的领子问。,”他眼珠凸出，从位子里惊跳起来，只差跳过办公桌去提起欣欣的领子问。
1,”月兔就只差没跳进池塘里去看看到底有没有人躲在里头。,”月兔就只差跳进池塘里去看看到底有没有人躲在里头。
1,一换下新娘礼服的子雅立刻故态复萌，二话不说就阿莎力地拍胸脯接下长辈的敬酒，只差没跷起脚到椅子上划拳了。,一换下新娘礼服的子雅立刻故态复萌，二话不说就阿莎力地拍胸脯接下长辈的敬酒，只差跷起脚到椅子上划拳了。
1,阿绚气呼呼地回到破庙里，看见耿继华正悠哉地吞着一碗稀饭，她的怒火更往上冒，只差没踢翻他的早餐。,阿绚气呼呼地回到破庙里，看见耿继华正悠哉地吞着一碗稀饭，她的怒火更往上冒，只差踢翻他的早餐。
1,这疑问她放在心中已好久了，因为上了台大的临波，众多的追求者只差没踩破她们外文系的大门。,这疑问她放在心中已好久了，因为上了台大的临波，众多的追求者只差踩破她们外文系的大门。
1,“我才没那么倒霉……”她的“楣”字音还没落下，滕冲之就推开门走了进来，他的眼睛在看到花巧以后，凸得可严重了，只差没蹦出来而已。,“我才没那么倒霉……”她的“楣”字音还没落下，滕冲之就推开门走了进来，他的眼睛在看到花巧以后，凸得可严重了，只差蹦出来而已。
1,我一骨碌爬起来，眼珠只差没蹦出眼眶，我阴恻恻地问：＂说清楚，谁是牛？,我一骨碌爬起来，眼珠只差蹦出眼眶，我阴恻恻地问：＂说清楚，谁是牛？
1,”幻儿只差没蹲下来捡满地鸡皮疙瘩，淡淡的虚应着。,”幻儿只差蹲下来捡满地鸡皮疙瘩，淡淡的虚应着。
1,武当派众人见莫严大展神威，忍不住响起欢呼声，步连云见莫严招式虽精，功力却似乎比自己还不如，想来田冬当能应付，没想到田冬却是向后直逃，只差没转过身去，步连云大皱眉头，心中狐疑的想，莫非没人告诉过田冬如何空手对付兵刃？,武当派众人见莫严大展神威，忍不住响起欢呼声，步连云见莫严招式虽精，功力却似乎比自己还不如，想来田冬当能应付，没想到田冬却是向后直逃，只差转过身去，步连云大皱眉头，心中狐疑的想，莫非没人告诉过田冬如何空手对付兵刃？
1,在看清里头的情况时，她吁了一口气，只差没软倒在地上。,在看清里头的情况时，她吁了一口气，只差软倒在地上。
1,”樱子很激动的表态，刚刚那个吻让她全身不舒服，只差没过敏起疹子。,”樱子很激动的表态，刚刚那个吻让她全身不舒服，只差过敏起疹子。
1,不仅唆使工人整天敲敲打打，还断水断电，只差没连楼板都拆了……”那个可恶的人竟然一副无事状，还交抱双臂微笑，“房子年代久了总是需要略事翻修，这是主人应尽的责任，说来也挺费事的。,不仅唆使工人整天敲敲打打，还断水断电，只差连楼板都拆了……”那个可恶的人竟然一副无事状，还交抱双臂微笑，“房子年代久了总是需要略事翻修，这是主人应尽的责任，说来也挺费事的。
1,”可薰只差没连滚带爬地往后逃，“不！,”可薰只差连滚带爬地往后逃，“不！
1,“是是……小的马上走……”吓坏的两个师傅只差没连滚带爬地逃出去。,“是是……小的马上走……”吓坏的两个师傅只差连滚带爬地逃出去。
1,”财务部经理只差没连滚带爬，企图以最快的时间离开台风圈。,”财务部经理只差连滚带爬，企图以最快的时间离开台风圈。
1,”“谢谢……谢谢李公子……”赵世杰只差没连滚带爬，可怜的他双腿已吓得没有力气，还得让两个小厮架着他走出去呢！,”“谢谢……谢谢李公子……”赵世杰只差连滚带爬，可怜的他双腿已吓得没有力气，还得让两个小厮架着他走出去呢！
1,苏雁红握着拳，一串脏话只差没迸出口――真是他妈的……ＳＨＩＴ！,苏雁红握着拳，一串脏话只差迸出口――真是他妈的……ＳＨＩＴ！
1,值得庆幸的是：冲动出走的红霓忘了回房拿护照，没有一气之下跑到国外生个外籍宝宝或环游世界逍遥游；但是也苦了大圣环台追踪，从花莲、台东到旗津，只差没追到绿岛、兰屿去。,值得庆幸的是：冲动出走的红霓忘了回房拿护照，没有一气之下跑到国外生个外籍宝宝或环游世界逍遥游；但是也苦了大圣环台追踪，从花莲、台东到旗津，只差追到绿岛、兰屿去。
1,他迅速的从丁允辰手中夺过那玻璃瓶，以最快的速皮将瓶口旋紧，藏到了收款机下的大理石柜中，只差没送进保险箱保管而已。,他迅速的从丁允辰手中夺过那玻璃瓶，以最快的速皮将瓶口旋紧，藏到了收款机下的大理石柜中，只差送进保险箱保管而已。
1,实际上她什么事都干过，只差没邀请他们到她自己家里来了，而且全城的人都在猜想，要是没有皮蒂姑妈和弗兰克，她准会请他们去的。,实际上她什么事都干过，只差邀请他们到她自己家里来了，而且全城的人都在猜想，要是没有皮蒂姑妈和弗兰克，她准会请他们去的。
1,整整喝了三天，头是不昏了，可是咳嗽、流鼻水仍然没好，又碰巧遇上寒流，我就像只冬眠的北极熊，只差没里着棉被，成天闷在房里，也试过各种偏方，奈何仍一直咳，咳得连肺都痛了。,整整喝了三天，头是不昏了，可是咳嗽、流鼻水仍然没好，又碰巧遇上寒流，我就像只冬眠的北极熊，只差里着棉被，成天闷在房里，也试过各种偏方，奈何仍一直咳，咳得连肺都痛了。
1,”江几只差没重哼一声，“我爹恨不得把我关进地窖里，如果可以跟那些酒一样酿起来的话那更好，他才不会突然之间良心发现。,”江几只差重哼一声，“我爹恨不得把我关进地窖里，如果可以跟那些酒一样酿起来的话那更好，他才不会突然之间良心发现。
1,”欣慰的招呼声沿途飘过来，润玉羞得只差没钻进地洞里。,”欣慰的招呼声沿途飘过来，润玉羞得只差钻进地洞里。
1,“张灯结彩、人来人往的，热闹得只差没锣鼓喧天了。,“张灯结彩、人来人往的，热闹得只差锣鼓喧天了。
1,先不说别的，单说她那抖得不象话的力道好了，从头抖到尾的结果让这个“一”字活像只横躺着的毛毛虫，只差没长双眼睛向他求救。,先不说别的，单说她那抖得不象话的力道好了，从头抖到尾的结果让这个“一”字活像只横躺着的毛毛虫，只差长双眼睛向他求救。
1,”“我妈快不认识自个女儿，只差没问――你是谁？,”“我妈快不认识自个女儿，只差问――你是谁？
1,”老板娘用怪异的眼光直看佟雪莲这个美丽得像仙女的“逃妻”，只差没问她为什么要逃了，不过仍好心的劝道：“夫妻呀，床头吵，床尾和，没什么事需要闹到离家出走。,”老板娘用怪异的眼光直看佟雪莲这个美丽得像仙女的“逃妻”，只差问她为什么要逃了，不过仍好心的劝道：“夫妻呀，床头吵，床尾和，没什么事需要闹到离家出走。
1,“连续下了三天的雨，我成天待在屋里哪儿也不去，也没去烦你，只差没闷成白痴，还不够文静乖巧吗？,“连续下了三天的雨，我成天待在屋里哪儿也不去，也没去烦你，只差闷成白痴，还不够文静乖巧吗？
1,“只差没难过到自杀，我的回答你满不满意？,“只差难过到自杀，我的回答你满不满意？
1,”语气中殷殷期盼，只差没露出舌头做出哈巴狗的样子。,”语气中殷殷期盼，只差露出舌头做出哈巴狗的样子。
1,”漂亮得像日本娃娃，一开口盛气凌人的泼辣祥，活像来寻仇的极道之妻，只差没露刺青的胸口和一把小匕首。,”漂亮得像日本娃娃，一开口盛气凌人的泼辣祥，活像来寻仇的极道之妻，只差露刺青的胸口和一把小匕首。
1,只差没霸王硬上弓了！,只差霸王硬上弓了！
1,”这女人动不动就叹气，只差没面对西北边张开嘴巴，喝点风、吃些雨，咳两口血，偶尔林黛玉葬花。,”这女人动不动就叹气，只差面对西北边张开嘴巴，喝点风、吃些雨，咳两口血，偶尔林黛玉葬花。
1,”灵均赶忙介入打圆场，陪给会长一个充满歉意的甜笑，只差没鞠躬哈腰，频呼“家教不好，失礼、失礼”。,”灵均赶忙介入打圆场，陪给会长一个充满歉意的甜笑，只差鞠躬哈腰，频呼“家教不好，失礼、失礼”。
1,灵均只差没顿首叩谢上天降下一位救命神兵，为她解危。,灵均只差顿首叩谢上天降下一位救命神兵，为她解危。
1,当初她的加入，可说是只差没风云变色了，幸好俱乐部的会长以公平投票的方式让会员们表决她的加入与否，以七成二的优势成为此俱乐部创立二十年来第一名女性成员。,当初她的加入，可说是只差风云变色了，幸好俱乐部的会长以公平投票的方式让会员们表决她的加入与否，以七成二的优势成为此俱乐部创立二十年来第一名女性成员。
1,纪龙飞高兴得只差没飞上天。,纪龙飞高兴得只差飞上天。
1,可见他听了李益的揣测以及史仲义的计划后，吓得灵魂只差没飞上天去，两条腿瑟瑟地直抖，牙齿格格地响，李益忍不住笑笑道：“夫子，有好几个人听了我的计划只有奶是最害怕的。,可见他听了李益的揣测以及史仲义的计划后，吓得灵魂只差飞上天去，两条腿瑟瑟地直抖，牙齿格格地响，李益忍不住笑笑道：“夫子，有好几个人听了我的计划只有奶是最害怕的。
1,”他从昨晚被追杀至今，滴水未尽，只差没饿昏了。,”他从昨晚被追杀至今，滴水未尽，只差饿昏了。
1,我只想让他听我从头解释，他捂着耳朵，一个字也不愿听，气咻咻地指责我花言巧语迷惑他，想拖他下水，只差没骂我是臭妖精，要我滚。,我只想让他听我从头解释，他捂着耳朵，一个字也不愿听，气咻咻地指责我花言巧语迷惑他，想拖他下水，只差骂我是臭妖精，要我滚。
1,”东方宇只差没高举双手喊冤。,”东方宇只差高举双手喊冤。
1,所以当地恢复自由后，念念不忘的，便是如何增进球技打败众老友，对于现在优闲的日子，他是满意得不得了，只差没高举双手大喊：我出运啦！,所以当地恢复自由后，念念不忘的，便是如何增进球技打败众老友，对于现在优闲的日子，他是满意得不得了，只差高举双手大喊：我出运啦！
1,看见梁思涵那般难受，他吓得只差没魂飞魄散，而现在医生却和他道恭喜？,看见梁思涵那般难受，他吓得只差魂飞魄散，而现在医生却和他道恭喜？
1,”就只差没黏在左右。,”就只差黏在左右。
1,」雅香在一旁佩服得五体投地，只差没鼓掌叫好。,」雅香在一旁佩服得五体投地，只差鼓掌叫好。
1,”抽气与窃笑声此起彼落，有人惊愕于方莫离竟敢挑战盛怒中的库达，有人则喜于见到这难得一见的好戏，只差没鼓掌叫好，在阿拉伯社会妇女是不会也不敢去挑战做丈夫的权威。,”抽气与窃笑声此起彼落，有人惊愕于方莫离竟敢挑战盛怒中的库达，有人则喜于见到这难得一见的好戏，只差鼓掌叫好，在阿拉伯社会妇女是不会也不敢去挑战做丈夫的权威。
1,周恩浩疼得只差没龇牙咧嘴，生理的疼加上心理的疼，这双皮鞋他可是第一次穿耶。,周恩浩疼得只差龇牙咧嘴，生理的疼加上心理的疼，这双皮鞋他可是第一次穿耶。
